Age,Year,Gender,에너지(Kcal),단백질(g),동물성단백질(g),지방(g),탄수화물(g),칼슘(mg),인(mg),철(mg),나트륨(mg),칼륨(mg),티아민(mg),리보플라빈(mg),비타민C(mg),동물성단백질비(%),지방급원에너지비(%)
전체,2008,All,1838.41,65.8,30.01,38.79,293.35,475.77,1094.48,12.86,4552.96,2786.81,1.224,1.109,96.33,40.27,18.4
1-2,2008,All,959.06,33.34,17.81,24.19,152.57,390.41,617.57,5.61,1286.04,1314.62,0.639,0.768,54.48,50.94,22.21
3-5,2008,All,1216.56,40.73,20.4,29.04,198.91,425.51,756.48,6.61,1969.97,1652.62,0.782,0.881,61.65,47.64,20.76
6-11,2008,All,1632.25,57.94,29.17,37.68,266.46,472.16,988.41,10.18,3230.04,2237.34,1.092,1.085,77.34,47.29,20.11
12-18,2008,All,1955.25,69.31,34.66,49.15,305.51,455.11,1105.34,11.6,4173.38,2503.06,1.331,1.21,85.03,45.61,21.74
19-29,2008,All,1995.67,73.92,39.74,50.61,286.35,480.35,1140.13,12.43,4752.28,2759.26,1.383,1.229,93.31,47.88,22.61
30-49,2008,All,1980.05,71.75,32.93,41.62,310.63,502.47,1181.51,14.5,5342.58,3161.64,1.338,1.207,110.8,40.85,18.57
50-64,2008,All,1848.19,65.69,24.67,31.19,314.4,510.24,1147.34,14.85,4902.65,3125.59,1.18,1.048,107.68,32.67,14.77
≥ 65,2008,All,1478.93,48.9,14.95,19.53,272.17,377.04,897.32,11.13,3700.47,2296.55,0.892,0.74,76.65,24.69,11.4
전체,2009,All,1884.6,67.49,30.94,39.87,300.64,491.5,1125.73,13.49,4645.42,2848.06,1.26,1.189,100.44,40.87,18.68
1-2,2009,All,957.26,34,19.18,24.12,151.64,453.1,663.97,6.31,1279.28,1375.8,0.661,0.902,55.73,54.85,22.26
3-5,2009,All,1211.7,42.31,22.01,28.81,196.31,409.93,763.66,6.83,2053.54,1665.27,0.788,0.96,67.23,49.28,20.92
6-11,2009,All,1657.41,58.06,29.51,39.3,268.59,478.66,991.94,10.22,3031.77,2235.13,1.133,1.183,83.68,48,20.86
12-18,2009,All,1972.98,68.69,33.94,49.22,313.21,480.93,1121.54,12,4048.78,2515.05,1.36,1.285,89.92,46.18,21.86
19-29,2009,All,2006.71,75.84,40.45,51.36,291.43,508.13,1175.39,13.13,4962.75,2895.14,1.399,1.329,102.25,47.88,22.93
30-49,2009,All,2055.86,75.22,35.25,44.06,319.05,514.66,1230.88,14.98,5462.58,3218.56,1.389,1.291,113.38,42.1,19.22
50-64,2009,All,1905.25,66.61,25.41,31.75,322.42,513.85,1168.51,15.41,5066.87,3142.56,1.226,1.121,109.49,33.55,14.8
≥ 65,2009,All,1524.26,49.38,14.77,20,281.35,403.04,912.66,12.64,3760.43,2395.35,0.915,0.794,79.07,24.4,11.4
전체,2010,All,2050.51,74.03,35.53,44.84,321.08,529.64,1205.28,14.58,4877.46,3006.46,1.374,1.291,105.69,42.47,19.25
1-2,2010,All,1113.51,38.09,21.45,26.88,181.53,497.99,748.56,6.89,1400.59,1606.19,0.765,0.997,82.05,53.97,21.5
3-5,2010,All,1333.99,45.99,24.45,33.4,214.4,466.55,830.84,7.75,2039.07,1782.38,0.902,1.039,76.53,51.08,21.81
6-11,2010,All,1809.06,63.7,33.04,44,289.93,510.39,1064.26,10.94,3300.76,2336.79,1.212,1.241,86.19,48.74,21.3
12-18,2010,All,2277.12,80.22,42.8,62.87,343.41,521.48,1244.92,12.77,4503.19,2718.38,1.613,1.435,91.29,48.78,23.93
19-29,2010,All,2201.19,82.73,45.43,58.71,310.96,507.57,1224.02,14.29,4937.23,2953.5,1.525,1.438,103.86,49.76,23.81
30-49,2010,All,2200.12,82.33,40.52,48.11,335.39,574.04,1328.34,16.34,5718.61,3407.15,1.495,1.406,118.04,43.95,19.74
50-64,2010,All,2046.56,71.94,29.5,35.23,341.32,553.08,1233.61,16.32,5284.15,3343.91,1.316,1.241,120.83,36.03,15.49
≥ 65,2010,All,1669.19,53.66,16.57,21.75,306.89,424.59,974.5,13.52,4117.67,2491.33,0.992,0.832,80.9,24.94,11.23
전체,2011,All,2044.66,73.58,35.42,44.18,323.55,517.94,1191.54,14.62,4796.68,2949.94,1.352,1.278,104.05,42.18,19.05
1-2,2011,All,1069.31,37.61,21.14,27.42,169.2,506.08,728.47,6.72,1404.83,1421.61,0.737,0.956,63.25,54.91,23.13
3-5,2011,All,1389.18,47.71,25.54,33.49,225.62,519.02,890.57,8.07,2077.86,1898.31,0.888,1.104,81.85,51.06,21.22
6-11,2011,All,1852.99,65.07,34.23,44.71,298.54,530.34,1086.47,11.78,3198.93,2333.35,1.25,1.284,82.8,49.61,21.27
12-18,2011,All,2238.54,81.35,43.73,57.93,346.61,526.86,1240.51,13.79,4328.7,2714.71,1.504,1.414,94.88,49.09,22.68
19-29,2011,All,2162.03,81.45,44.35,55.5,319.88,494.04,1207.31,13.83,4943.89,2959.33,1.458,1.36,104.44,48.5,23.35
30-49,2011,All,2234.96,82.59,41.01,49.53,342.31,560.36,1320.85,16.53,5746.88,3365.77,1.485,1.415,116.29,43.98,19.84
50-64,2011,All,2039.83,71.28,29.02,35.56,337.27,529.47,1211.44,16.06,5137.6,3203.63,1.34,1.204,114.13,35.37,15.56
≥ 65,2011,All,1597.76,50.77,16.08,21.02,293.8,392.99,923.32,12.78,3744.32,2346.91,0.981,0.863,82.91,25.5,11.31
전체,2012,All,1994.17,72.36,35.26,45.15,311.65,501.45,1159.43,14.51,4583.08,2918,1.359,1.281,105.28,42.92,19.74
1-2,2012,All,1051.6,36.77,21.63,26.82,166.19,471.63,721.58,6.3,1329.54,1445.5,0.645,0.994,67.23,56.02,22.65
3-5,2012,All,1293.4,43.48,23.24,32.04,208.62,454.77,796.96,7.74,1945.48,1727.73,0.794,1.028,72.82,51.44,21.99
6-11,2012,All,1806.78,62.62,33.2,46.23,286.48,487.97,1028.92,11.09,3126.83,2272.82,1.192,1.251,85.22,49.1,21.89
12-18,2012,All,2213.4,82.14,46.1,58.42,341.26,502.45,1219.7,13.49,4357.25,2751.26,1.511,1.413,94.55,50.83,22.74
19-29,2012,All,2208.94,83.53,46.29,62.57,308.48,490.16,1211.26,13.72,4777.98,2858.89,1.593,1.434,90.62,49.13,25.02
30-49,2012,All,2126.6,79.14,39.47,49.08,322.32,537.47,1247.6,15.83,5368.78,3269.89,1.469,1.398,120.71,44.85,20.61
50-64,2012,All,1963.11,69.75,29.08,35.27,325.67,515.76,1194.21,16.91,4777.2,3193.52,1.301,1.219,120.86,36.64,16.1
≥ 65,2012,All,1631.62,52.86,17.03,23.38,297.83,412.5,958.49,13.17,3834.06,2508.65,1.053,0.879,86.57,26.62,12.23
전체,2013,All,2074.02,73.73,37.63,47.66,313.2,506.85,1114.22,17.8,4027.48,2960.95,2.078,1.407,92.86,44.48,20.38
1-2,2013,All,1125.65,42.56,27.24,30.88,170.14,527.36,744.7,8.16,1277.91,1514.58,1.009,0.935,54.63,58.92,24.29
3-5,2013,All,1454.46,47.89,27.18,41.16,221.79,499.74,853.19,9.8,1932.52,1827.03,1.251,1.071,64.57,53.44,24.05
6-11,2013,All,1893.16,65.74,36.62,50.91,289.38,529.64,1020.73,13.16,2801.33,2342.94,1.689,1.354,72.75,51.25,23.3
12-18,2013,All,2219.61,81.51,46.22,60.17,331.61,480,1121.79,16.61,3662.65,2655.48,2.036,1.468,72.73,50.93,24.07
19-29,2013,All,2311.18,85.79,49.93,64.78,312.61,507.31,1181.82,17.84,4405.33,2933.02,2.17,1.619,78.65,51.71,25.06
30-49,2013,All,2235.33,80.52,42.6,52.62,325.09,540.98,1213.54,19.3,4705.7,3243.32,2.274,1.556,100.7,46.84,21.51
50-64,2013,All,2033.41,70.77,30.74,37.7,325.66,521.11,1140.12,20,4161.53,3357.55,2.233,1.365,120.15,37.64,16.76
≥ 65,2013,All,1687.9,54.8,19.3,23.74,301.21,398.95,878.34,16.45,3277.1,2572.74,1.747,0.948,80.04,28.78,12.28
전체,2014,All,2063.4,71.96,36.01,47.86,310.06,492.07,1089.38,17.27,3889.93,2983.35,2.01,1.384,99.55,44.39,20.86
1-2,2014,All,1032.24,34.84,19.79,25.93,163.7,375.83,614.08,7.08,1111.74,1503.33,0.966,0.789,68.24,54.02,22.76
3-5,2014,All,1383.72,45.39,24.5,35.33,219.57,413,762.65,9.15,1775.1,1900.49,1.239,1.005,85.32,51.91,22.97
6-11,2014,All,1917.06,67.09,37.65,52.57,290.18,505.11,1011.83,13.32,2916.54,2383.53,1.811,1.344,76.83,52.75,23.96
12-18,2014,All,2298.52,83.19,47.59,63.12,335.23,508.55,1156.36,17.54,3766.54,2707.16,2.11,1.457,72.6,52.13,24.53
19-29,2014,All,2234.42,79.85,44.5,60.62,306.43,474.2,1120.05,15.73,4226.43,2776.96,2.091,1.483,71.08,51.12,25.21
30-49,2014,All,2206.57,78.12,40.55,52.75,317.77,519.47,1172.68,17.74,4448.43,3273.25,2.176,1.54,106.31,46.9,22.12
50-64,2014,All,2090.35,72.17,32.06,41.82,330.02,529.43,1153.95,21.28,4161.36,3427.85,2.117,1.396,131.92,38.52,17.91
≥ 65,2014,All,1654.29,52.33,17.31,24.04,293.81,398.01,861.84,15.99,2987.11,2643.56,1.652,0.981,97.59,28,12.93
전체,2015,All,2085.63,73.17,37.18,48.9,312.08,497.52,1092.71,16.91,3889.63,2973.48,2.015,1.405,97.16,44.53,20.87
1-2,2015,All,1037.78,34.71,19.94,26.18,164.17,411.95,640.77,7.02,1186.17,1441.53,0.918,0.864,59.99,55.59,23.05
3-5,2015,All,1383.17,44.71,23.7,34.17,221.63,411.17,757.22,9.19,1836.29,1850.47,1.23,1.028,76.68,50.58,22.14
6-11,2015,All,1930.29,67.73,37.9,53.05,291.26,473.86,1012.52,13.16,2871.64,2428.03,1.73,1.365,72.02,52.39,24.13
12-18,2015,All,2213.41,79.53,45.21,62.52,324.34,490.7,1103.4,15.92,3616.1,2641.52,2.024,1.469,70.51,51.59,24.87
19-29,2015,All,2365.22,86.1,50.52,66.3,320.71,506.14,1178.78,17.48,4168.89,2966.31,2.227,1.592,82.43,52.07,25.4
30-49,2015,All,2241.97,79.52,41.59,54.13,321.87,530.83,1176.58,17.93,4518.61,3240.12,2.19,1.555,99.96,47.07,22.28
50-64,2015,All,2081.88,72.41,32.47,41.12,327.18,527.76,1142.08,19.07,4066.07,3333.57,2.08,1.379,123.47,38.37,17.62
≥ 65,2015,All,1666.96,53.75,18.89,25.22,293.79,400.45,867.15,15.33,3126.89,2609.36,1.661,0.996,99.85,29.57,13.31
전체,2016,All,2007.77,71.78,37.98,49.42,292.89,470.05,1051.26,16.3,3668.94,2853.75,1.941,1.376,96.72,46.7,22
1-2,2016,All,1093.59,36.84,22.13,29.19,168.78,409.35,651.24,7.55,1203.66,1531.36,0.95,0.84,53.42,57.55,24.16
3-5,2016,All,1366.01,44.9,24.19,35.56,214.42,412.63,754.46,9.12,1810.69,1853.98,1.19,1,73.6,51.73,22.84
6-11,2016,All,1849.3,62.75,34.54,49.27,284.03,465.14,958.8,13.1,2667.6,2288.17,1.63,1.29,76.33,52.33,23.54
12-18,2016,All,2143.47,79.09,46.25,63.6,305.85,466.24,1072.3,15.35,3455.96,2551.87,2.03,1.45,70.78,53.42,25.95
19-29,2016,All,2217.19,84.57,51.99,68.5,287.9,455.18,1117.92,16.13,3978.91,2669.42,2.04,1.54,65.41,55.09,27.74
30-49,2016,All,2178.4,78.74,43.1,54.73,304.16,496.27,1143.14,17.64,4247.05,3082.01,2.13,1.51,97.51,49.31,23.22
50-64,2016,All,2001.77,70.85,33.85,41.64,303.92,510.22,1087.93,18.05,3768.23,3268.74,2.02,1.39,132.76,42.24,19.14
≥ 65,2016,All,1606.95,51.7,18.43,25.69,280.51,379.91,831.62,14.77,2991.58,2593.37,1.6,1,102.93,29.96,14.07
전체,2017,All,1921.34,72.05,38.17,47.86,294.84,509.09,1072.31,12.77,3477.19,2729.98,1.396,1.54,62.7,47.38,21.45
1-2,2017,All,1070.02,36.87,21.9,28.26,175.28,446.68,655.84,6.05,1084.6,1434.4,0.715,0.942,44.91,57.25,22.84
3-5,2017,All,1391.87,49.75,28.63,39.35,218.57,463.88,806.78,8.09,1719.33,1767.99,1.01,1.268,63.68,54.46,23.81
6-11,2017,All,1782.22,64.78,36.33,50.66,279.53,503.24,978.87,10.99,2540.28,2193.41,1.265,1.484,61.98,54.05,24.24
12-18,2017,All,2075.25,76.51,43.26,60.14,317.56,524.91,1104.13,11.94,3389.05,2411.88,1.433,1.636,57.29,52.9,24.93
19-29,2017,All,2078.18,81.52,50.55,63.01,281.3,495.07,1109.77,12.56,3708.03,2526.16,1.543,1.714,54.55,55.09,25.92
30-49,2017,All,2111.94,81.42,45.55,54.54,303.42,530.92,1170.4,14.18,4061.61,2951.58,1.503,1.699,67.67,50.77,23.2
50-64,2017,All,1881.27,69.38,31.67,39.26,311,539.39,1099.02,13.55,3559.4,3105.45,1.412,1.509,68.67,41.18,18.25
≥ 65,2017,All,1562.82,54.06,20.75,27.08,285.64,434.12,885.87,11.38,2809.88,2547.54,1.16,1.143,55.15,33.55,14.42
전체,2018,All,1968.44,71.11,37.89,46.93,289.65,514.07,1046.07,11.59,3274.12,2626.32,1.33,1.6,60.41,48.22,21.54
1-2,2018,All,1140.65,39.59,22.87,28.97,179.23,452.72,682.81,6.33,1185.21,1509.7,0.81,1.03,46.39,56.04,22.77
3-5,2018,All,1321.24,45.73,26.75,34.48,205.28,457.61,750.21,6.87,1535.36,1670.96,0.91,1.2,54.66,56.64,23.29
6-11,2018,All,1712.18,59.82,34.62,46.84,259.05,491.4,904.59,8.48,2344.27,1946.98,1.1,1.44,55.22,54.72,24.43
12-18,2018,All,2231.58,81.44,47.37,64.31,323.95,564.38,1136.04,11.38,3296.82,2460.82,1.46,1.89,64.66,54.28,25.35
19-29,2018,All,2135.53,80.32,48.33,58.62,288.76,502.66,1074.58,11.61,3442.91,2456.53,1.39,1.74,52.63,55.11,25.33
30-49,2018,All,2123.59,78.9,44.64,53.66,294.2,530.26,1129.21,12.38,3700.34,2814.8,1.43,1.79,67.58,51.88,23.35
50-64,2018,All,1974.69,69.59,32.81,40.46,303.59,541.22,1077.7,12.63,3463.66,2965.39,1.36,1.58,63.44,43.16,18.98
≥ 65,2018,All,1630.42,54.64,21.09,26.62,280.84,448.03,889.88,10.9,2763.16,2481.34,1.15,1.16,50.46,33.6,14.47
전체,2008,Male,2123.86,76.58,36.79,46.23,324.31,527.48,1247.84,14.48,5307.57,3088.07,1.421,1.271,100.18,42.98,19.39
1-2,2008,Male,987.4,34.49,18.41,24.34,158.58,384.18,631.73,5.85,1349.14,1339.61,0.637,0.77,53.94,51.19,21.66
3-5,2008,Male,1244.23,41.94,21.42,29.79,202.85,456.87,790.3,6.89,1951.55,1661.05,0.786,0.926,60.89,48.94,21.08
6-11,2008,Male,1777.44,63.24,32.29,41.98,287.45,506.9,1072.91,11.32,3498.63,2386.05,1.198,1.2,77.79,48.23,20.59
12-18,2008,Male,2167.63,76.56,38.04,54.74,337.55,506.58,1234.89,13.02,4635.81,2776.62,1.478,1.342,87.25,46.09,21.81
19-29,2008,Male,2340.74,87.92,49.88,60.45,320.88,544.3,1330.11,14.1,5588.19,3134.86,1.675,1.423,98.39,49.89,23.46
30-49,2008,Male,2320.95,84.17,40.63,50.14,346.34,550.06,1350.1,16.47,6248.35,3513.98,1.562,1.384,116.13,43.5,19.57
50-64,2008,Male,2113.08,75.99,30.8,36.94,339.98,559.89,1290.56,16.38,5790.34,3357.75,1.332,1.19,106.53,36.24,15.81
≥ 65,2008,Male,1744.35,58.71,19.58,24.5,306.96,439.24,1061.63,12.72,4554.37,2657.81,1.059,0.88,86.79,27.79,12.47
전체,2009,Male,2181.66,79.07,38.06,47.56,333.02,550.14,1287.98,15.18,5453.78,3165.23,1.466,1.357,105.31,43.49,19.71
1-2,2009,Male,969.84,34.6,19.77,24.69,152.91,477.46,680.08,6.97,1246.25,1411.69,0.696,0.939,58.79,55.32,22.67
3-5,2009,Male,1285.9,45.25,23.74,30.48,208.12,439.61,820.59,7.24,2192.8,1773.01,0.84,1.017,72.96,49.7,20.93
6-11,2009,Male,1805.55,63.61,32.72,43.12,291.28,509.83,1080.09,11.23,3280.15,2390.83,1.232,1.286,88.43,48.75,21.13
12-18,2009,Male,2181.02,76.46,38.15,54.56,343.29,525.81,1244.53,13.44,4546.44,2737.89,1.524,1.422,94.84,46.76,22.03
19-29,2009,Male,2323.38,89.86,49.69,59.96,326.69,565.18,1352.42,15.13,5845.76,3248.88,1.645,1.516,105.34,49.82,23.59
30-49,2009,Male,2426.06,89.15,43.97,53.51,357.38,576.43,1422.69,16.92,6437.39,3603.5,1.632,1.474,118.18,44.91,20.37
50-64,2009,Male,2194.4,77.35,31.17,38.15,350.48,581.74,1323.3,17.01,6027.17,3423.82,1.401,1.274,111.47,35.89,15.79
≥ 65,2009,Male,1791.11,59.3,19.66,25,315.17,470,1074.55,14.51,4595.89,2768.64,1.094,0.943,89.68,27.96,12.45
전체,2010,Male,2382.45,87.14,43.69,53.29,355.95,584.09,1380.61,16.38,5708.55,3346.07,1.601,1.478,110.31,44.82,20.23
1-2,2010,Male,1162.31,39.07,22.34,27.82,189.9,517.3,769.13,6.84,1438.74,1657.32,0.802,1.055,86.74,54.65,21.53
3-5,2010,Male,1424.36,47.73,24.77,34.55,232.08,474.87,865.84,7.92,2158.92,1832.15,0.948,1.083,83.17,50.05,21.27
6-11,2010,Male,1907.66,67.72,35.47,46.57,303.33,540.65,1119.12,11.57,3474.17,2410.64,1.258,1.303,86.19,49.18,21.57
12-18,2010,Male,2537.86,90.81,49.21,70.21,378,575.98,1394.77,14.3,5107.34,2972.15,1.845,1.607,98.13,49.61,24.06
19-29,2010,Male,2556.94,97.07,55.26,69.46,346.39,544.97,1401.91,16.23,5770.99,3258.63,1.803,1.654,102.76,51.66,24.5
30-49,2010,Male,2605.4,98.25,50.47,57.52,377.1,633.56,1536.94,18.78,6742.01,3832.39,1.759,1.611,123.58,46.03,20.59
50-64,2010,Male,2374.14,84.18,35.85,41.63,374.09,610.93,1405.54,17.71,6183.81,3677.27,1.499,1.394,123.34,37.97,16.45
≥ 65,2010,Male,1975.53,66.25,23.37,28.43,342.88,498.19,1166.75,15.63,5128.02,2959.5,1.193,1.018,92.54,29.13,12.79
전체,2011,Male,2397.96,87.1,43.75,52.52,364.56,577.77,1377.86,16.6,5653.74,3318.68,1.572,1.467,110.22,44.39,19.85
1-2,2011,Male,1141.79,39.44,21.44,28.35,183.8,496.67,751.56,7.24,1469.86,1539.6,0.784,0.99,69.4,53.5,22.77
3-5,2011,Male,1425.15,48.47,25.72,33.94,232.84,504.58,896.19,7.97,2017.19,1906.95,0.92,1.136,93.37,51.24,20.83
6-11,2011,Male,1996.01,71.06,37.71,47.66,321.11,562.11,1175.49,13.28,3468.87,2443.71,1.346,1.363,80.86,50.2,21.11
12-18,2011,Male,2511.23,93.51,51.4,66.16,384.78,586.3,1411.95,15.78,4903.8,3032.12,1.7,1.594,102.93,49.55,23.02
19-29,2011,Male,2511.3,94.62,51.89,61.42,371.17,570.2,1410.92,15.75,5808.64,3393.55,1.659,1.531,113.82,48.81,22.51
30-49,2011,Male,2667.12,98.65,51.52,59.75,388.5,616.89,1529.8,18.99,6796.78,3804.27,1.739,1.615,120.89,46.48,20.71
50-64,2011,Male,2406.58,84.78,36.49,43.45,372.55,594.45,1398.75,17.79,6081.02,3512.11,1.564,1.379,117.67,37.6,16.85
≥ 65,2011,Male,1904.13,62,21.6,27.68,333.4,452.93,1098.58,14.54,4672.04,2753.48,1.193,1.115,93.15,29.06,12.88
전체,2012,Male,2316.48,84.55,43.01,53.64,347.18,540.53,1321.67,16.05,5280.24,3205.51,1.588,1.452,108.79,45.05,20.53
1-2,2012,Male,1072.12,37.15,21.48,26.62,171.81,472.33,722.84,6.48,1323.4,1483.49,0.666,0.998,73.23,54.6,21.78
3-5,2012,Male,1372.65,47.13,25.82,34.82,219.26,507.18,856.09,8.83,2096.5,1904.35,0.891,1.142,80.1,53.27,22.98
6-11,2012,Male,1984.63,69.9,37.78,51.78,310.86,531.1,1135.37,12.35,3350.93,2463.19,1.334,1.377,84.41,50.41,22.2
12-18,2012,Male,2434.24,90.31,50.87,63.89,374.63,532.15,1343.97,14.83,4800.25,3003.01,1.706,1.554,92.68,51.15,22.39
19-29,2012,Male,2603.38,101.14,58.12,75,351.39,541.05,1427.48,15.84,5558.36,3276.77,1.958,1.693,94.33,50.86,25.69
30-49,2012,Male,2507.32,92.11,47.57,58.49,363.6,568.36,1419.34,17.31,6212.22,3559.53,1.715,1.558,124.6,46.32,21.25
50-64,2012,Male,2252.93,80.42,35.76,41.09,353.12,548.38,1334.89,18.48,5463.29,3397.84,1.462,1.341,123.26,39.17,16.9
≥ 65,2012,Male,1936.93,63.85,22.07,29.59,337.86,466.58,1137.91,14.8,4656.03,2879.39,1.244,1.043,95.32,29.06,13.29
전체,2013,Male,2389.41,85.61,45.02,55.26,346.7,561.02,1261.89,20.29,4706.1,3249.55,2.359,1.592,90.78,46.52,21.06
1-2,2013,Male,1192.69,43.35,27.05,31,186.31,561.17,748.06,8.82,1252.85,1499.49,2.078,1.407,53.13,57.63,23.07
3-5,2013,Male,1503.94,51.5,29.93,42.23,228.73,527.68,929.29,9.74,2041.85,1941.59,1.083,0.893,65.48,53.74,23.88
6-11,2013,Male,2010.92,71.01,39.96,54.63,304.9,559.48,1072.98,13.93,2993.09,2424.66,1.288,1.099,64.66,52.42,23.83
12-18,2013,Male,2502.24,92.09,51.69,67.32,374.39,525.85,1264.89,19.68,4146.86,2958.86,1.792,1.418,81.19,51.08,23.71
19-29,2013,Male,2631.91,98.74,57.46,72.79,345.68,546.48,1324.25,20.84,5066.27,3183.55,2.313,1.637,76.17,52.05,25.33
30-49,2013,Male,2624.97,94.6,51.53,61.07,366.22,605.39,1395.2,22.17,5605.57,3643.3,2.46,1.801,100.84,48.88,21.97
50-64,2013,Male,2322.81,80.31,36.17,43.25,353.58,563.3,1255.42,22.42,4818.29,3534.49,2.605,1.781,105.59,38.93,17.21
≥ 65,2013,Male,1974.98,66.97,26.79,30.76,333.5,475.5,1041.18,18.57,3915.67,2947.99,2.497,1.503,89.26,33.49,13.86
전체,2014,Male,2382.65,83.71,43.29,55.8,343.46,541.95,1237.22,19.56,4557.02,3242.74,2.302,1.572,95.81,46.2,21.56
1-2,2014,Male,1118.38,37.16,20.87,27.39,179.4,401.5,667.08,7.65,1242.84,1635.91,1.081,0.881,70.39,54.06,22.63
3-5,2014,Male,1446.61,47.43,25.18,36.59,230.27,425.43,787.38,9.16,1879.43,1987.96,1.282,1.044,90.73,50.95,22.68
6-11,2014,Male,2054.04,72.57,40.73,57.26,307.74,551.63,1106.53,14.32,3033.19,2496.09,2.027,1.451,78.72,53.56,24.28
12-18,2014,Male,2634.85,97.42,56.82,73.36,375.07,567.19,1328.39,20.83,4456.18,3082.85,2.452,1.655,85.26,51.94,25.02
19-29,2014,Male,2531.32,91.44,51.63,68.8,334.61,517.01,1266.6,17.52,4948.13,3004.02,2.425,1.689,65.78,52.04,25.87
30-49,2014,Male,2575.18,90.7,48.07,60.6,357.35,576.29,1338.79,19.81,5165.35,3608.72,2.471,1.748,103.47,47.89,22.26
50-64,2014,Male,2417.62,84.03,39.61,49.24,361.61,559.4,1275.85,24.9,4912.28,3546.57,2.382,1.556,115.65,41.15,18.7
≥ 65,2014,Male,1941.41,62.69,22.38,29.24,330.49,467.13,1019.58,18.11,3617.08,3024.47,1.951,1.14,101.3,30.69,13.73
전체,2015,Male,2424.38,86.19,45.27,57.3,348.46,555.47,1250.89,19.11,4619.75,3268.29,2.306,1.593,93.61,46.18,21.56
1-2,2015,Male,1102.51,35.91,20.33,26.88,177.82,405.77,646.77,7.27,1214.27,1486.18,0.948,0.877,64.43,54.67,22.42
3-5,2015,Male,1454.63,47.57,25.42,36.49,231.36,439.23,806.7,9.65,1848.61,1931.85,1.295,1.071,74.81,51.71,22.6
6-11,2015,Male,2066.36,73.6,42.14,58.1,307.36,518.17,1083.93,13.62,3074.93,2538.68,1.848,1.494,68.34,53.6,24.57
12-18,2015,Male,2516.14,91.97,53.03,72.9,360.7,555.96,1253.12,17.92,4186.5,2971.42,2.307,1.674,69.28,52.92,25.82
19-29,2015,Male,2731.53,100.36,59.04,74.67,364.68,572.24,1342.11,20.64,4894.07,3320.92,2.548,1.769,85.49,51.81,25.22
30-49,2015,Male,2654.07,94.18,50.74,63.61,364.7,589.59,1352.29,20.21,5368.67,3585.86,2.523,1.769,97.53,48.49,22.78
50-64,2015,Male,2396.01,85.24,40.2,47.52,357.76,582.19,1300.94,21.38,4969.06,3551.49,2.354,1.547,111.85,39.64,18.09
≥ 65,2015,Male,1935.99,64.24,24.08,30.62,328.37,451.19,1018.29,17.31,3719.61,2934.9,1.933,1.149,99.29,32.26,14.23
전체,2016,Male,2352.36,85.1,47.11,59.09,326.6,529.37,1208.68,18.49,4355.9,3150.79,2.248,1.573,93.49,49.32,22.98
1-2,2016,Male,1144.12,38.35,23.3,31.35,175.11,424.05,679.19,7.6,1256.87,1616.22,1.001,0.894,54.31,58.12,24.89
3-5,2016,Male,1423.71,47.81,26.52,37.84,220.35,430.4,797.8,9.41,1925.47,1931.39,1.272,1.053,74.7,53.46,23.23
6-11,2016,Male,1999.31,69.42,38.95,55.45,299.9,501.42,1053.13,13.78,2870.23,2466.33,1.782,1.412,73.97,53.08,24.24
12-18,2016,Male,2426.3,90.41,52.74,72.42,343.41,532.35,1221.07,16.76,3914.48,2829.13,2.303,1.599,75.49,53.2,26.26
19-29,2016,Male,2621.69,103.18,66.1,82.46,328.45,511.98,1304.27,19.56,4721.65,3029.99,2.403,1.82,57.83,57.73,28.56
30-49,2016,Male,2560.71,92.04,52.33,64.47,340.06,553.65,1308.84,19.93,5026.1,3398.91,2.445,1.709,96.07,51.54,23.96
50-64,2016,Male,2351.47,84.25,42.69,50,332.7,575.35,1238.1,19.97,4497.96,3520.32,2.35,1.57,123.42,45.17,20.25
≥ 65,2016,Male,1915.25,62.03,23.17,30.71,323.8,444.38,979.64,17.44,3760.29,2983.63,1.886,1.136,109.56,32.3,14.42
전체,2017,Male,2228.54,84.58,46.56,55.93,326.8,555.04,1223.77,14.53,4063.4,3014.4,1.602,1.754,63.53,49.48,22.03
1-2,2017,Male,1130.03,39.38,22.97,29.14,187.75,470.54,701,7,1116.36,1597.93,0.744,1.019,52.84,54.96,21.73
3-5,2017,Male,1498.24,54.18,32.27,43.3,232.07,497.15,883.4,8.88,1811.71,1876.83,1.088,1.401,69.61,56.08,24.13
6-11,2017,Male,1922.98,70.6,39.95,56.08,297.5,533.86,1058.36,12.32,2727.67,2321.35,1.348,1.598,62.01,54.91,24.75
12-18,2017,Male,2391.22,89.41,50.88,70.03,361.51,605.48,1289.48,13.93,3953.16,2788.4,1.685,1.899,59.78,53.39,25.45
19-29,2017,Male,2366.62,94.35,59.91,71.38,313.05,519.86,1247.23,14.26,4214.41,2813.16,1.801,1.924,54.07,56.13,25.5
30-49,2017,Male,2482.86,96.39,56.5,63.54,337.14,581.67,1342.12,16.24,4756.48,3260.69,1.718,1.928,69.49,53.59,23.76
50-64,2017,Male,2177.38,79.93,37.52,45.47,343.18,573.26,1229.78,15.13,4183.58,3353.48,1.594,1.682,66,42.31,18.64
≥ 65,2017,Male,1817.46,65.61,26.32,32.36,318.4,494.09,1047.38,12.97,3405.09,2906.36,1.353,1.359,57.73,35.66,15.16
전체,2018,Male,2300.04,83.69,45.95,54.72,327.44,573.23,1202.11,13.28,3866.82,2922.46,1.57,1.83,65.29,50.09,21.96
1-2,2018,Male,1197.89,41.46,23.63,30.58,187.73,467.8,711.72,6.84,1195.63,1584.14,0.88,1.05,50.56,55.64,22.89
3-5,2018,Male,1393.38,49.44,30.09,37.29,212.67,470.73,790.32,6.97,1601.8,1722.49,0.94,1.25,54.41,58.82,23.86
6-11,2018,Male,1813.6,64.97,37.93,48.61,274.71,512.66,968.68,8.87,2474.74,2067.27,1.2,1.54,58.6,54.85,23.91
12-18,2018,Male,2542.77,94.16,55.06,72.53,368.75,614.24,1296.21,13.12,3800.92,2793.42,1.74,2.11,60.06,53.3,24.76
19-29,2018,Male,2423.33,92.65,56.43,65.55,325.5,552.63,1219.44,13.13,3976.79,2732.38,1.65,1.93,56.24,55.87,25.22
30-49,2018,Male,2543.88,94.61,55.1,64.13,339.48,601.48,1320.75,14.42,4420.85,3180.77,1.7,2.1,77.53,53.93,23.86
50-64,2018,Male,2322.01,80.57,38.88,46.23,343.74,596.2,1216.96,14.38,4134.59,3229.08,1.6,1.74,65.14,44.21,18.94
≥ 65,2018,Male,1892.47,65.2,26.78,31.75,311.85,522.97,1050.3,12.82,3308.69,2823.65,1.33,1.37,55.71,36.99,15.44
전체,2008,Female,1550.78,54.93,23.17,31.29,262.14,423.66,939.94,11.24,3792.56,2483.25,1.025,0.945,92.45,37.55,17.41
1-2,2008,Female,936.86,32.43,17.35,24.07,147.87,395.28,606.49,5.43,1236.62,1295.06,0.641,0.767,54.91,50.75,22.65
3-5,2008,Female,1178.1,39.06,18.98,27.98,193.44,381.93,709.45,6.22,1995.56,1640.91,0.776,0.819,62.71,45.85,20.31
6-11,2008,Female,1473.97,52.16,25.77,33,243.58,434.29,896.28,8.94,2937.22,2075.22,0.977,0.961,76.86,46.26,19.59
12-18,2008,Female,1713.3,61.06,30.82,42.77,269.01,396.48,957.75,9.98,3646.57,2191.44,1.164,1.06,82.5,45.06,21.66
19-29,2008,Female,1629.61,59.06,28.98,40.16,249.72,412.5,938.59,10.66,3865.51,2360.81,1.075,1.023,87.91,45.74,21.71
30-49,2008,Female,1624.58,58.8,24.9,32.74,273.4,452.85,1005.71,12.46,4398.11,2794.24,1.104,1.023,105.24,38.08,17.53
50-64,2008,Female,1587.08,55.53,18.64,25.52,289.18,461.29,1006.15,13.33,4027.61,2896.74,1.029,0.907,108.81,29.15,13.75
≥ 65,2008,Female,1297.26,42.18,11.78,16.13,248.36,334.45,784.84,10.04,3115.97,2049.26,0.777,0.644,69.71,22.57,10.67
전체,2009,Female,1585.36,55.81,23.77,32.12,268.03,432.43,962.28,11.79,3831.11,2528.55,1.053,1.02,95.53,38.24,17.64
1-2,2009,Female,943.03,33.32,18.51,23.47,150.2,425.55,645.75,5.57,1316.64,1335.21,0.622,0.86,52.28,54.32,21.8
3-5,2009,Female,1133,39.2,20.17,27.03,183.78,378.45,703.28,6.4,1905.83,1550.99,0.732,0.899,61.15,48.83,20.91
6-11,2009,Female,1499.51,52.14,26.09,35.23,244.41,445.43,897.99,9.14,2767.03,2069.18,1.027,1.074,78.62,47.21,20.56
12-18,2009,Female,1730.97,59.64,29.05,43,278.21,428.72,978.47,10.33,3469.87,2255.83,1.17,1.13,84.2,45.5,21.68
19-29,2009,Female,1667.99,60.84,30.56,42.16,253.71,447.1,986.03,11,4018.21,2516.75,1.136,1.129,98.96,45.8,22.21
30-49,2009,Female,1669.07,60.65,26.13,34.2,279,450.12,1030.47,12.95,4444.08,2816.37,1.135,1.1,108.36,39.15,18.02
50-64,2009,Female,1618.6,55.97,19.7,25.4,294.61,446.54,1015.05,13.82,4114.87,2863.72,1.052,0.969,107.53,31.22,13.81
≥ 65,2009,Female,1342.5,42.63,11.44,16.59,258.31,357.43,802.39,11.36,3191.38,2141.1,0.792,0.693,71.85,21.97,10.69
전체,2010,Female,1716.72,60.84,27.33,36.34,286.01,474.89,1028.98,12.77,4041.74,2664.95,1.145,1.104,101.04,40.11,18.27
1-2,2010,Female,1059.86,37.01,20.48,25.86,172.32,476.75,725.95,6.94,1358.64,1549.97,0.725,0.932,76.89,53.21,21.47
3-5,2010,Female,1239.74,44.18,24.12,32.21,195.96,457.87,794.32,7.57,1914.06,1730.46,0.853,0.993,69.6,52.17,22.38
6-11,2010,Female,1704.55,59.45,30.47,41.28,275.72,478.31,1006.12,10.26,3116.97,2258.51,1.163,1.175,86.19,48.28,21.01
12-18,2010,Female,1953.39,67.08,34.84,53.75,300.46,453.8,1058.87,10.86,3753.08,2403.31,1.324,1.221,82.8,47.75,23.77
19-29,2010,Female,1831.67,67.84,35.22,47.55,274.16,468.71,1039.25,12.29,4071.2,2636.55,1.238,1.213,105.01,47.79,23.09
30-49,2010,Female,1777.09,65.72,30.14,38.29,291.86,511.91,1110.61,13.79,4650.4,2963.29,1.22,1.193,112.25,41.77,18.86
50-64,2010,Female,1722.06,59.82,23.21,28.89,308.85,495.78,1063.3,14.94,4392.96,3013.7,1.135,1.089,118.33,34.12,14.54
≥ 65,2010,Female,1459.35,45.04,11.91,17.16,282.24,374.18,842.82,12.07,3425.58,2170.64,0.855,0.705,72.93,22.06,10.16
전체,2011,Female,1690.98,60.06,27.09,35.82,282.48,458.05,1005.01,12.63,3938.69,2580.78,1.133,1.089,97.88,39.96,18.25
1-2,2011,Female,994.69,35.73,20.83,26.45,154.18,515.77,704.7,6.19,1337.89,1300.15,0.689,0.921,56.92,56.37,23.51
3-5,2011,Female,1352.34,46.93,25.35,33.04,218.23,533.81,884.82,8.17,2140,1889.45,0.855,1.072,70.06,50.87,21.61
6-11,2011,Female,1699.4,58.63,30.49,41.54,274.3,496.22,990.88,10.18,2909.05,2214.83,1.147,1.198,84.87,48.97,21.45
12-18,2011,Female,1913.5,66.86,34.59,48.12,301.11,455.99,1036.14,11.41,3643.17,2336.35,1.27,1.201,85.28,48.54,22.26
19-29,2011,Female,1786.65,67.3,36.25,49.14,264.76,412.18,988.47,11.78,4014.46,2492.63,1.241,1.177,94.35,48.18,24.25
30-49,2011,Female,1786.06,65.91,30.09,38.92,294.32,501.64,1103.81,13.97,4656.31,2910.29,1.222,1.207,111.5,41.38,18.93
50-64,2011,Female,1680.5,58.06,21.7,27.83,302.7,465.82,1027.92,14.37,4213.29,2901.39,1.121,1.032,110.65,33.18,14.3
≥ 65,2011,Female,1385.62,42.99,12.27,16.41,266.38,351.49,801.96,11.56,3101.93,2065.38,0.835,0.689,75.82,23.04,10.22
전체,2012,Female,1671.26,60.15,27.49,36.65,276.05,462.3,996.9,12.96,3884.63,2629.96,1.129,1.111,101.76,40.79,18.94
1-2,2012,Female,1020.32,36.18,21.87,27.14,157.64,470.55,719.66,6.02,1338.89,1387.6,0.614,0.987,58.08,58.18,23.98
3-5,2012,Female,1224.77,40.31,21.01,29.64,199.4,409.38,745.75,6.8,1814.68,1574.77,0.71,0.93,66.52,49.86,21.13
6-11,2012,Female,1623.46,55.12,28.47,40.5,261.35,443.52,919.2,9.79,2895.86,2076.61,1.047,1.122,86.04,47.76,21.58
12-18,2012,Female,1947.13,72.29,40.35,51.82,301.02,466.65,1069.87,11.88,3823.15,2447.74,1.277,1.242,96.8,50.44,23.15
19-29,2012,Female,1787.2,64.69,33.65,49.29,262.6,435.75,980.07,11.45,3943.57,2412.1,1.204,1.157,86.66,47.27,24.3
30-49,2012,Female,1730.65,65.66,31.04,39.3,279.39,505.34,1068.98,14.29,4491.59,2968.66,1.214,1.232,116.68,43.33,19.95
50-64,2012,Female,1677.16,59.22,22.48,29.54,298.6,483.58,1055.41,15.36,4100.28,2991.93,1.143,1.099,118.5,34.15,15.31
≥ 65,2012,Female,1417.23,45.15,13.5,19.01,269.72,374.51,832.49,12.03,3256.85,2248.31,0.919,0.765,80.43,24.91,11.49
전체,2013,Female,1758.18,61.84,30.24,40.05,279.66,452.6,966.34,15.31,3347.9,2671.95,1.796,1.221,94.95,42.44,19.7
1-2,2013,Female,1054.81,41.72,27.44,30.75,153.04,491.62,741.15,7.46,1304.4,1530.53,2.078,1.407,56.22,60.28,25.58
3-5,2013,Female,1400.63,43.96,24.18,39.99,214.24,469.35,770.42,9.86,1813.6,1702.41,0.93,0.98,63.58,53.11,24.24
6-11,2013,Female,1763.4,59.94,32.94,46.81,272.28,496.77,963.16,12.31,2590.05,2252.89,1.21,1.041,81.67,49.96,22.72
12-18,2013,Female,1915.49,70.12,40.33,52.48,285.58,430.66,967.81,13.3,3141.64,2329.05,1.575,1.284,63.63,50.77,24.45
19-29,2013,Female,1949.12,71.16,41.44,55.75,275.29,463.08,1021.02,14.46,3659.22,2650.2,1.736,1.287,81.44,51.32,24.76
30-49,2013,Female,1829.59,65.86,33.29,43.82,282.27,473.9,1024.38,16.3,3768.67,2826.83,1.843,1.413,100.56,44.72,21.03
50-64,2013,Female,1748.41,61.37,25.4,32.24,298.15,479.55,1026.58,17.62,3514.76,3183.31,1.929,1.323,134.49,36.37,16.31
≥ 65,2013,Female,1484.8,46.19,14.01,18.77,278.36,344.8,763.13,14.95,2825.33,2307.26,1.974,1.228,73.52,25.46,11.16
전체,2014,Female,1744.01,60.19,28.72,39.93,276.64,442.17,941.48,14.97,3222.58,2723.84,1.718,1.195,103.28,42.59,20.17
1-2,2014,Female,944.84,32.48,18.69,24.45,147.76,349.79,560.3,6.49,978.72,1368.82,0.848,0.696,66.06,53.99,22.9
3-5,2014,Female,1311.46,43.05,23.71,33.89,207.27,398.71,734.25,9.15,1655.23,1799.99,1.189,0.959,79.11,53,23.32
6-11,2014,Female,1766.75,61.07,34.28,47.42,270.91,454.06,907.9,12.22,2788.54,2260,1.574,1.226,74.76,51.86,23.61
12-18,2014,Female,1940.45,68.04,37.77,52.22,292.8,446.12,973.21,14.04,3032.31,2307.2,1.745,1.246,59.13,52.34,24.01
19-29,2014,Female,1899.33,66.76,36.46,51.39,274.64,425.88,954.67,13.72,3411.92,2520.71,1.715,1.252,77.05,50.1,24.46
30-49,2014,Female,1823.19,65.03,32.74,44.57,276.6,460.38,999.92,15.58,3702.79,2924.34,1.87,1.324,109.26,45.86,21.97
50-64,2014,Female,1766.56,60.43,24.6,34.49,298.77,499.77,1033.34,17.69,3418.44,3310.39,1.854,1.239,148.03,35.92,17.14
≥ 65,2014,Female,1449.54,44.94,13.7,20.33,267.65,348.73,749.36,14.48,2537.88,2371.94,1.438,0.868,94.94,26.08,12.35
전체,2015,Female,1747.19,60.17,29.09,40.51,275.73,439.62,934.68,14.72,3160.17,2678.93,1.724,1.216,100.71,42.88,20.19
1-2,2015,Female,982.8,33.69,19.6,25.59,152.58,417.2,635.68,6.8,1162.29,1403.59,0.892,0.853,56.21,56.38,23.59
3-5,2015,Female,1296.74,41.24,21.62,31.36,209.86,377.24,697.38,8.64,1821.4,1752.05,1.151,0.975,78.94,49.21,21.59
6-11,2015,Female,1776.18,61.07,33.1,47.33,273.02,423.67,931.64,12.64,2641.37,2302.69,1.597,1.219,76.2,51.02,23.63
12-18,2015,Female,1872.97,65.54,36.42,50.85,283.45,417.31,935.03,13.67,2974.64,2270.53,1.706,1.239,71.88,50.08,23.8
19-29,2015,Female,1964.16,70.48,41.19,57.13,272.56,433.76,999.95,14.03,3374.93,2578.07,1.875,1.398,79.08,52.35,25.59
30-49,2015,Female,1813.44,64.28,32.07,44.28,277.35,469.74,993.87,15.56,3634.66,2880.59,1.843,1.332,102.49,45.59,21.75
50-64,2015,Female,1770.92,59.7,24.82,34.79,296.9,473.88,984.82,16.79,3172.15,3117.84,1.809,1.212,134.96,37.1,17.15
≥ 65,2015,Female,1473.73,46.22,15.16,21.34,268.96,364,758.6,13.91,2701.19,2375.55,1.465,0.887,100.26,27.64,12.65
전체,2016,Female,1661.3,58.38,28.79,39.7,259,410.4,892.98,14.1,2978.25,2555.1,1.632,1.177,99.98,44.06,21
1-2,2016,Female,1033.71,35.05,20.75,26.63,161.27,391.94,618.13,7.48,1140.61,1430.79,0.889,0.773,52.38,56.88,23.31
3-5,2016,Female,1305.01,41.84,21.73,33.15,208.15,393.84,708.64,8.82,1689.33,1772.14,1.103,0.951,72.43,49.91,22.42
6-11,2016,Female,1700,56.12,30.16,43.12,268.24,429.04,864.92,12.41,2465.93,2110.85,1.488,1.178,78.69,51.59,22.83
12-18,2016,Female,1817.02,66.03,38.75,53.43,262.48,389.93,900.6,13.72,2926.72,2231.86,1.72,1.28,65.35,53.68,25.6
19-29,2016,Female,1767.39,63.87,36.3,52.97,242.81,392.01,910.7,12.32,3152.97,2268.47,1.635,1.223,73.84,52.16,26.84
30-49,2016,Female,1775.19,64.71,33.36,44.46,266.29,435.75,968.38,15.23,3425.39,2747.77,1.799,1.294,99.02,46.95,22.45
50-64,2016,Female,1653.88,57.52,25.05,33.33,275.29,445.44,938.54,16.15,3042.27,3018.46,1.689,1.201,142.05,39.32,18.04
≥ 65,2016,Female,1381.93,44.17,14.96,22.02,248.91,332.86,723.59,12.81,2430.52,2308.52,1.384,0.895,98.09,28.25,13.81
전체,2017,Female,1612.77,59.45,29.73,39.76,262.74,462.95,920.18,11.01,2888.35,2444.29,1.189,1.326,61.88,45.27,20.88
1-2,2017,Female,1001.87,34.03,20.69,27.27,161.11,419.59,604.54,4.96,1048.52,1248.66,0.682,0.854,35.91,59.85,24.11
3-5,2017,Female,1276.02,44.93,24.66,35.05,203.86,427.65,723.32,7.23,1618.71,1649.44,0.925,1.123,57.22,52.7,23.47
6-11,2017,Female,1634.26,58.66,32.52,44.96,260.65,471.06,895.32,9.6,2343.29,2058.93,1.177,1.363,61.94,53.15,23.69
12-18,2017,Female,1726.63,62.28,34.85,49.23,269.06,436.01,899.62,9.74,2766.66,1996.46,1.154,1.346,54.54,52.36,24.35
19-29,2017,Female,1756.17,67.21,40.1,53.67,245.86,467.39,956.32,10.67,3142.72,2205.75,1.254,1.479,55.09,53.94,26.39
30-49,2017,Female,1720.28,65.61,33.99,45.05,267.81,477.32,989.07,12,3327.87,2625.17,1.275,1.458,65.75,47.8,22.6
50-64,2017,Female,1586.35,58.88,25.85,33.07,278.95,505.66,968.79,11.99,2937.73,2858.42,1.23,1.337,71.32,40.05,17.87
≥ 65,2017,Female,1375.64,45.58,16.65,23.19,261.55,390.03,767.15,10.21,2372.34,2283.77,1.017,0.984,53.24,32,13.87
전체,2018,Female,1635.24,58.47,29.79,39.09,251.69,454.62,889.29,9.88,2678.57,2328.75,1.09,1.37,55.5,46.34,21.12
1-2,2018,Female,1088.05,37.88,22.18,27.49,171.42,438.86,656.24,5.87,1175.64,1441.31,0.75,1.01,42.56,56.4,22.66
3-5,2018,Female,1228.35,40.94,22.45,30.86,195.75,440.71,698.57,6.73,1449.83,1604.61,0.88,1.13,54.97,53.83,22.54
6-11,2018,Female,1610.56,54.65,31.31,45.06,243.37,470.1,840.38,8.08,2213.54,1826.46,1,1.34,51.82,54.59,24.95
12-18,2018,Female,1900.76,67.92,39.2,55.57,276.32,511.37,965.77,9.52,2760.92,2107.24,1.17,1.65,69.56,55.33,25.98
19-29,2018,Female,1805.03,66.16,39.02,50.67,246.56,445.28,908.23,9.85,2829.85,2139.76,1.09,1.52,48.49,54.23,25.45
30-49,2018,Female,1678.42,62.26,33.56,42.58,246.25,454.82,926.34,10.22,2937.19,2427.18,1.14,1.46,57.03,49.72,22.81
50-64,2018,Female,1629.23,58.67,26.78,34.71,263.66,486.54,939.19,10.88,2796.33,2703.11,1.13,1.42,61.75,42.11,19.02
≥ 65,2018,Female,1434.61,46.76,16.84,22.78,257.67,392.04,770.01,9.47,2355.51,2225.56,1.01,1,46.54,31.06,13.75
