riboflavin (mg),niacin,vitamin B6 (mg),folic acid (milg),food folate (milg),folate (DFE) (milg),Choline (mg),vitamin B12 (milg),age,year,race,vitamin C (mg),vitamin D (milg),vitamin E (mg),added vitamin E (mg),vitamin K,calcium (mg),phosphorus (mg),magnesium (mg),food energy(kcal),protein(g),carbohydrate(g),total sugars(g),dietary fiber(g),total fat(g),saturated fat(g),monosaturated fat(g),polysaturated fat(g),Cholesterol(mg),retinol (milg),vitaminA (milg),alphacarotene (milg),betacarotene (milg),beta-cryptoxanthin (milg),lycopene (milg),lutein+zeaxanthin (milg),thiamin(mg),iron (mg),zinc (mg),copper (mg),selenium (milg),potassium (mg),sodium (mg),caffeine (mg),theobromine (mg)
1.82,14.2,1.29,153,116,376,196,4.12,2 -5,2007-2008,Non-Hispanic White,83.0,6.1,4.2,0.3,40.2,970,1042,186,1471,50.6,203,110,10.5,53.4,19.6,19.4,9.8,153,470,585,307,1195,67,3759,559,1.19,10.1,7.7,0.8,65.2,1901,2111,9.5,47.5
2.04,20.7,1.71,208,141,494,242,5.09,6 - 11,2007-2008,Non-Hispanic White,73.7,5.1,6.3,0.5,48.8,975,1219,217,1982,67.8,266,138,12.8,74.6,26.6,27.2,14.4,215,476,588,293,1168,61,4378,585,1.49,13.5,10.5,1.0,87.7,2065,2980,29.5,61.7
2.38,26.4,2.12,236,183,585,289,5.83,12 - 19,2007-2008,Non-Hispanic White,70.6,5.3,7.5,0.7,69.0,1110,1420,266,2222,81.7,290,140,14.6,83.0,29.1,30.6,16.2,269,547,676,301,1357,54,6260,900,1.75,15.8,11.8,1.2,112.4,2404,3705,86.1,48.3
2.30,25.3,2.01,193,216,544,327,5.41,20 and over,2007-2008,Non-Hispanic White,79.0,4.5,7.9,0.6,99.0,968,1366,301,2142,82.1,257,119,16.1,82.5,27.7,30.3,17.4,287,457,639,361,1970,69,5880,1398,1.66,15.4,12.4,1.4,109.5,2720,3478,218.6,45.8
2.27,24.6,1.96,197,203,537,310,5.37,2 and over,2007-2008,Non-Hispanic White,77.9,4.7,7.6,0.6,89.4,983,1346,286,2107,79.5,258,122,15.4,80.6,27.4,29.6,16.7,274,468,636,347,1811,66,5712,1247,1.63,15.1,12.0,1.3,106.1,2600,3402,181.0,47.3
1.71,16.0,1.36,170,120,410,211,4.07,2 -5,2007-2008,Non-Hispanic Black,121.4,5.1,4.6,0.2,51.9,830,956,178,1546,53.3,204,102,10.3,59.6,20.9,22.1,11.2,206,404,500,109,1048,72,4199,751,1.21,11.4,8.0,0.8,71.8,1825,2389,5.6,28.4
1.84,20.7,1.61,203,141,486,225,4.39,6 - 11,2007-2008,Non-Hispanic Black,99.8,4.4,6.3,0.4,64.3,869,1119,206,1944,64.3,262,130,12.7,73.6,24.2,27.7,15.5,208,399,496,171,1032,69,6283,884,1.46,13.8,9.9,1.0,86.1,2038,3107,13.1,36.7
1.73,21.4,1.54,186,151,467,227,4.40,12 - 19,2007-2008,Non-Hispanic Black,101.2,3.2,6.0,0.2,79.6,798,1065,211,1991,67.0,263,130,11.8,76.1,24.9,28.1,16.7,226,368,472,118,1148,56,3812,1220,1.43,13.3,10.4,1.0,91.2,1899,3154,31.7,34.9
1.83,23.5,1.81,165,186,467,305,4.94,20 and over,2007-2008,Non-Hispanic Black,102.3,3.3,6.8,0.3,111.8,788,1148,248,2085,76.7,249,121,13.1,81.4,25.9,30.5,17.8,310,385,563,254,1966,69,4802,1572,1.42,13.9,10.6,1.2,103.1,2219,3270,81.1,33.6
1.81,22.4,1.72,172,172,465,279,4.75,2 and over,2007-2008,Non-Hispanic Black,103.2,3.5,6.5,0.3,98.5,800,1120,234,2021,72.5,250,122,12.7,78.4,25.3,29.3,17.0,281,385,539,216,1694,67,4763,1398,1.41,13.6,10.4,1.1,97.6,2128,3178,62.2,33.8
2.03,16.8,1.61,213,139,502,248,4.99,2 -5,2007-2008,Mexican American,104.2,6.8,4.6,0.4,38.5,1022,1110,207,1566,59.4,209,108,11.9,56.8,21.0,20.3,10.4,242,474,567,235,951,86,3791,615,1.34,12.7,9.9,0.9,76.1,2119,2228,8.5,36.9
1.88,18.9,1.56,206,143,494,237,4.74,6 - 11,2007-2008,Mexican American,84.6,5.2,5.3,0.3,44.9,922,1126,211,1789,63.5,244,120,13.1,64.4,22.6,23.4,12.8,216,442,539,199,1021,85,5771,582,1.44,13.1,9.9,1.0,85.6,2031,2667,20.1,51.4
2.06,23.9,1.91,221,173,549,279,5.14,12 - 19,2007-2008,Mexican American,87.9,4.5,6.1,0.3,51.5,962,1297,251,2075,78.6,271,124,15.3,76.5,25.9,28.3,15.8,272,427,516,177,927,76,4832,657,1.64,15.4,11.2,1.1,103.1,2223,3247,41.8,46.4
2.08,25.1,2.03,160,214,486,344,5.32,20 and over,2007-2008,Mexican American,87.9,4.6,6.6,0.2,71.2,913,1362,300,2147,85.0,263,116,17.7,77.9,25.0,29.3,16.9,325,350,494,328,1526,80,6052,955,1.58,14.7,12.3,1.3,114.0,2580,3270,113.5,29.2
2.05,23.4,1.92,179,193,497,313,5.19,2 and over,2007-2008,Mexican American,89.0,4.8,6.2,0.2,62.3,931,1301,274,2040,79.1,257,117,16.3,74.1,24.5,27.6,15.6,297,383,509,283,1329,81,5639,838,1.55,14.4,11.7,1.2,105.6,2422,3097,82.6,34.9
2.05,16.5,1.60,200,139,479,241,4.94,2 -5,2007-2008,All Hispanic,111.7,7.1,4.7,0.4,40.7,1073,1128,210,1621,59.1,221,117,11.9,58.1,21.5,20.6,10.6,225,485,579,243,967,80,3689,654,1.34,12.3,9.5,0.9,75.4,2183,2260,8.4,41.1
1.97,19.1,1.60,216,146,514,243,4.80,6 - 11,2007-2008,All Hispanic,90.9,5.7,5.3,0.3,44.0,998,1163,217,1821,64.6,249,122,13.2,65.3,23.4,23.5,12.7,224,477,567,188,934,79,5734,567,1.49,13.6,10.1,1.0,87.9,2101,2715,19.0,52.1
2.02,23.8,1.91,221,174,549,274,5.14,12 - 19,2007-2008,All Hispanic,93.0,4.6,6.0,0.3,51.8,968,1266,246,2084,78.2,270,127,14.5,77.4,26.4,28.4,15.9,267,423,508,165,896,79,4571,633,1.63,15.1,11.2,1.1,103.1,2208,3239,42.7,42.5
2.05,24.6,2.00,177,216,517,333,5.14,20 and over,2007-2008,All Hispanic,92.7,4.5,6.6,0.3,75.7,914,1320,296,2104,83.4,263,114,17.2,74.9,24.3,27.9,16.2,310,362,536,427,1835,94,5928,1061,1.61,14.9,11.9,1.3,112.0,2596,3269,115.7,26.8
2.04,23.2,1.91,190,195,518,306,5.08,2 and over,2007-2008,All Hispanic,94.2,4.9,6.2,0.3,65.7,945,1278,273,2027,78.5,258,117,15.9,72.7,24.3,26.8,15.3,287,394,540,347,1525,89,5522,909,1.57,14.5,11.4,1.2,104.9,2449,3114,85.1,33.1
1.85,14.9,1.34,164,127,405,217,4.34,2 -5,2009-2010,Non-Hispanic White,77.3,6.9,4.8,0.4,42.3,1081,1170,214,1538,54.8,211,112,11.7,55.4,21.0,19.0,10.4,163,504,606,214,1077,68,3326,642,1.24,11.2,8.4,0.9,72.7,2070,2295,5.4,50.0
1.99,19.9,1.55,218,148,519,238,4.64,6 - 11,2009-2010,Non-Hispanic White,64.9,6.3,5.9,0.6,51.8,1083,1272,231,1845,64.3,255,127,13.6,65.8,23.2,23.0,13.6,179,506,618,297,1176,62,4556,646,1.53,13.4,9.8,1.0,88.0,2151,2920,20.1,76.9
2.17,25.3,1.95,243,165,578,281,5.50,12 - 19,2009-2010,Non-Hispanic White,67.5,5.9,7.2,0.6,57.8,1142,1455,262,2181,79.3,289,142,14.3,80.0,27.7,27.9,17.0,234,494,611,284,1229,57,5944,748,1.71,15.2,11.7,1.1,110.7,2364,3584,70.5,53.3
2.30,26.2,2.14,194,230,559,341,5.73,20 and over,2009-2010,Non-Hispanic White,86.0,5.4,8.4,0.8,109.2,1070,1456,315,2150,83.3,257,117,17.3,81.4,26.9,29.2,17.9,268,470,682,434,2295,80,5658,1607,1.70,15.6,12.3,1.3,112.8,2868,3627,215.2,44.6
2.24,25.2,2.04,199,213,551,322,5.56,2 and over,2009-2010,Non-Hispanic White,82.2,5.6,8.0,0.8,96.8,1079,1429,299,2104,80.2,258,120,16.4,79.0,26.5,28.2,17.2,254,476,667,399,2050,76,5502,1406,1.67,15.2,11.9,1.3,109.0,2728,3511,176.8,48.1
1.76,18.5,1.55,192,121,447,221,4.25,2 -5,2009-2010,Non-Hispanic Black,86.5,5.8,5.5,0.8,43.5,879,1050,196,1622,57.1,220,109,11.2,58.8,19.8,21.1,12.6,189,465,537,146,764,49,3451,671,1.36,12.6,8.9,0.8,75.5,1956,2492,4.5,33.0
1.92,22.2,1.74,220,152,526,240,4.79,6 - 11,2009-2010,Non-Hispanic Black,96.1,5.3,6.2,0.5,71.8,981,1212,227,1921,67.8,260,128,14.0,70.1,23.7,24.9,15.3,201,471,582,206,1188,66,4367,1086,1.58,14.4,10.6,0.9,90.1,2216,3032,12.2,44.7
1.75,23.0,1.70,194,167,498,266,4.42,12 - 19,2009-2010,Non-Hispanic Black,106.7,4.1,7.2,0.3,75.6,974,1266,234,2142,74.2,280,139,13.0,82.5,27.2,29.4,18.6,266,416,502,126,939,51,4270,1038,1.53,14.1,10.8,1.0,100.0,2204,3348,24.4,45.6
1.73,24.1,1.91,162,189,464,333,4.90,20 and over,2009-2010,Non-Hispanic Black,92.4,4.1,6.8,0.3,97.6,828,1235,261,2102,79.7,254,121,13.6,78.8,25.2,28.7,17.6,311,383,555,309,1873,81,4138,1524,1.46,14.0,10.9,1.2,108.3,2364,3358,80.2,34.8
1.75,23.4,1.84,173,178,473,308,4.79,2 and over,2009-2010,Non-Hispanic Black,94.3,4.3,6.7,0.4,88.9,865,1226,251,2061,76.5,256,123,13.4,77.3,25.0,28.0,17.2,287,401,549,265,1615,73,4136,1366,1.47,14.0,10.8,1.1,103.5,2304,3273,61.6,37.1
1.92,16.2,1.55,181,142,450,244,4.77,2 -5,2009-2010,Mexican American,84.8,7.3,4.3,0.4,35.1,1057,1138,210,1512,57.3,206,105,12.1,53.0,19.4,18.3,10.5,202,503,644,456,1429,89,3042,537,1.28,11.8,8.9,0.8,73.6,2141,2157,7.9,31.7
1.85,19.7,1.60,203,155,501,262,4.59,6 - 11,2009-2010,Mexican American,78.9,6.0,5.5,0.4,42.2,970,1256,230,1834,67.0,249,114,15.3,65.8,22.6,23.5,13.7,230,447,545,281,991,82,3906,673,1.48,13.9,9.6,0.9,91.7,2175,2824,13.9,58.4
1.85,24.5,1.96,206,188,538,299,4.58,12 - 19,2009-2010,Mexican American,103.7,5.0,6.7,0.5,60.3,1074,1376,267,2148,80.5,284,134,16.1,77.3,25.4,27.8,17.3,274,404,518,235,1209,88,4713,828,1.60,15.4,11.3,1.1,106.9,2431,3454,40.8,46.0
1.96,25.4,2.15,173,232,525,354,4.79,20 and over,2009-2010,Mexican American,97.8,4.9,6.8,0.3,73.9,975,1469,320,2138,84.8,277,119,20.0,73.7,23.7,26.9,16.1,305,364,537,408,1813,119,6093,1046,1.61,15.1,11.5,1.3,114.2,2758,3368,104.8,29.1
1.92,23.7,2.00,182,208,518,324,4.73,2 and over,2009-2010,Mexican American,95.2,5.3,6.4,0.3,64.6,997,1400,291,2046,79.5,268,120,18.1,71.4,23.4,25.9,15.5,282,393,545,371,1589,107,5345,923,1.56,14.7,11.0,1.2,106.7,2583,3206,75.4,35.4
1.87,16.3,1.54,176,140,439,240,4.70,2 -5,2009-2010,All Hispanic,92.2,7.2,4.4,0.4,37.4,1031,1125,209,1497,57.0,206,107,11.7,51.4,18.7,17.7,10.2,196,487,606,346,1228,85,3333,546,1.25,11.5,8.7,0.8,73.9,2144,2189,7.1,38.2
1.86,20.1,1.61,213,156,518,254,4.51,6 - 11,2009-2010,All Hispanic,78.4,5.9,5.5,0.4,46.1,985,1248,231,1860,67.2,252,115,14.7,66.9,23.1,23.7,14.0,221,457,550,246,955,80,3951,647,1.52,13.9,9.7,0.9,93.9,2180,2913,14.3,55.1
1.90,24.8,1.94,223,185,565,291,4.69,12 - 19,2009-2010,All Hispanic,97.9,5.3,6.9,0.5,60.6,1081,1374,265,2128,80.2,282,131,15.9,76.3,25.3,27.2,17.1,263,436,540,213,1109,78,5293,801,1.64,15.7,11.3,1.1,108.4,2411,3434,38.9,43.7
1.94,25.4,2.11,181,223,530,346,4.68,20 and over,2009-2010,All Hispanic,100.9,4.8,6.7,0.3,73.4,969,1422,307,2124,84.2,273,119,18.4,73.1,23.6,26.7,16.1,298,360,525,393,1720,112,5677,1024,1.63,14.8,11.2,1.3,114.5,2711,3417,108.7,28.2
1.92,23.9,1.98,190,202,526,318,4.66,2 and over,2009-2010,All Hispanic,97.1,5.2,6.4,0.3,65.2,992,1369,284,2038,79.3,266,119,17.0,71.0,23.3,25.6,15.5,275,393,537,346,1501,101,5213,906,1.58,14.5,10.8,1.2,107.6,2556,3252,78.9,34.4
1.79,15.1,1.31,157,131,397,212,4.16,2 -5,2011-2012,Non-Hispanic White,82.5,6.5,5.6,0.5,49.0,1032,1135,208,1584,54.5,219,116,11.9,57.3,21.3,19.5,11.9,156,461,591,301,1360,92,3072,573,1.20,11.0,7.9,0.8,72.5,2006,2213,8.0,53.2
1.96,21.0,1.64,218,159,530,240,4.69,6 - 11,2011-2012,Non-Hispanic White,77.4,6.0,7.3,0.4,67.2,1085,1293,235,2011,66.9,275,137,14.2,74.4,26.4,25.7,16.4,194,512,629,259,1231,90,5150,758,1.57,14.4,9.6,1.0,92.9,2196,3068,24.9,78.6
2.29,26.7,2.12,235,178,579,303,6.04,12 - 19,2011-2012,Non-Hispanic White,64.7,5.9,8.3,0.5,70.5,1199,1504,275,2231,81.1,295,144,15.4,82.5,28.0,28.8,18.9,258,511,604,173,1005,62,6834,798,1.69,15.4,12.1,1.1,115.2,2480,3667,70.7,48.0
2.29,26.1,2.20,202,238,582,335,5.69,20 and over,2011-2012,Non-Hispanic White,80.7,4.8,9.2,0.7,134.9,1029,1441,320,2209,82.2,265,119,18.3,83.8,27.4,29.8,19.8,274,486,731,487,2652,74,5414,1755,1.67,16.0,11.7,1.4,112.1,2870,3574,205.1,46.4
2.24,25.3,2.11,205,222,570,320,5.59,2 and over,2011-2012,Non-Hispanic White,79.0,5.1,8.8,0.7,120.1,1049,1423,305,2169,79.8,267,122,17.5,81.9,27.1,29.0,19.2,261,490,705,432,2336,74,5429,1540,1.65,15.6,11.4,1.3,109.3,2746,3487,170.7,49.0
1.75,18.6,1.60,172,132,425,230,4.37,2 -5,2011-2012,Non-Hispanic Black,104.6,5.9,5.9,0.4,61.1,875,1055,203,1651,56.2,224,110,11.6,61.1,20.0,21.5,14.6,201,450,543,162,1008,62,3152,894,1.32,12.3,8.1,0.8,78.3,2080,2477,6.0,28.4
1.89,22.5,1.76,207,147,498,247,4.91,6 - 11,2011-2012,Non-Hispanic Black,83.4,5.4,7.4,0.5,70.9,963,1223,228,2020,68.6,266,123,13.7,78.2,26.0,27.8,17.9,226,455,542,144,945,63,4679,927,1.60,14.8,10.1,0.9,96.2,2133,3164,11.6,46.9
1.60,24.1,1.79,193,147,475,245,4.90,12 - 19,2011-2012,Non-Hispanic Black,83.6,3.7,7.3,0.3,77.3,831,1171,225,2037,69.3,268,130,12.9,77.3,24.9,27.2,18.9,230,348,448,195,1077,55,5215,873,1.45,13.8,9.4,0.9,97.8,2096,3257,29.1,40.9
1.74,25.3,1.97,164,201,479,324,4.72,20 and over,2011-2012,Non-Hispanic Black,93.2,4.0,8.8,0.5,131.7,858,1292,281,2187,81.1,266,123,15.2,83.3,25.6,30.0,20.9,305,359,548,260,2101,74,5086,1947,1.48,14.0,10.5,1.3,115.3,2462,3536,78.4,32.0
1.74,24.4,1.90,173,183,477,299,4.74,2 and over,2011-2012,Non-Hispanic Black,91.7,4.3,8.2,0.5,113.3,866,1252,263,2113,76.5,263,123,14.5,80.4,25.1,28.8,19.9,280,373,533,233,1769,69,4929,1624,1.48,13.9,10.2,1.1,108.4,2352,3387,60.0,34.5
1.71,15.0,1.36,175,155,453,227,4.27,2 -5,2011-2012,Non-Hispanic Asian,72.0,7.0,5.8,1.0,63.4,946,1079,211,1486,56.6,199,89,12.5,52.9,19.8,17.6,10.9,184,411,513,210,1058,118,3618,828,1.30,10.9,8.3,0.9,82.2,2013,2275,8.8,41.1
1.88,18.8,1.60,186,175,491,240,4.21,6 - 11,2011-2012,Non-Hispanic Asian,91.3,6.3,5.9,0.2,105.6,1031,1178,243,1744,63.1,248,112,14.6,57.9,21.4,18.9,12.4,195,429,601,318,1839,128,6002,1859,1.48,12.4,9.1,1.0,93.8,2166,2709,11.9,74.0
1.94,23.3,1.88,249,203,627,288,5.09,12 - 19,2011-2012,Non-Hispanic Asian,83.7,5.5,7.0,0.4,110.5,1050,1334,268,1967,79.2,257,105,15.2,70.5,24.1,23.7,16.6,242,452,649,375,2101,142,3825,1490,1.77,14.8,10.7,1.2,112.7,2393,3540,38.2,44.8
1.81,24.7,2.12,184,245,559,328,4.75,20 and over,2011-2012,Non-Hispanic Asian,94.5,4.8,8.6,0.4,163.6,776,1270,324,1947,82.4,248,88,19.2,66.8,19.4,24.6,17.1,257,282,610,640,3532,160,3505,2431,1.55,14.5,10.4,1.4,122.1,2673,3827,107.9,25.0
1.82,23.6,2.02,191,231,556,312,4.72,2 and over,2011-2012,Non-Hispanic Asian,91.9,5.1,8.1,0.4,148.6,832,1260,306,1910,79.3,246,92,18.1,65.8,20.1,23.8,16.4,247,318,608,566,3129,154,3731,2208,1.55,14.2,10.2,1.4,116.9,2572,3633,88.4,31.5
1.90,16.1,1.52,175,146,444,234,4.75,2 -5,2011-2012,All Hispanic,86.5,7.2,4.9,0.3,42.9,1059,1150,208,1564,57.5,214,108,12.5,55.4,20.4,18.6,11.7,198,491,608,336,1191,81,3643,557,1.30,12.0,8.6,0.8,75.8,2122,2283,6.4,41.6
2.06,22.1,1.82,252,181,610,267,5.20,6 - 11,2011-2012,All Hispanic,91.5,6.2,6.5,0.3,57.0,1138,1357,250,2005,72.8,272,126,16.6,72.1,25.1,25.0,16.1,233,534,655,283,1274,85,5208,676,1.71,16.3,10.8,1.0,100.0,2405,3133,16.1,53.6
2.07,25.0,2.02,244,199,614,311,5.57,12 - 19,2011-2012,All Hispanic,95.8,6.3,8.3,0.6,69.4,1165,1477,273,2205,82.4,286,128,16.8,82.7,28.0,28.5,19.5,291,525,645,321,1243,89,5061,819,1.77,17.1,11.1,1.2,113.5,2530,3557,34.1,58.8
2.12,27.7,2.38,207,237,589,352,5.25,20 and over,2011-2012,All Hispanic,93.9,4.6,8.4,0.5,96.7,999,1483,315,2211,89.9,275,117,19.4,80.5,25.8,29.1,18.9,314,386,550,339,1756,101,5469,1288,1.67,16.7,12.0,1.3,122.9,2780,3654,114.1,24.7
2.09,25.7,2.19,215,217,583,326,5.25,2 and over,2011-2012,All Hispanic,93.3,5.3,7.9,0.5,83.5,1045,1440,292,2133,84.2,271,119,18.1,77.8,25.6,27.7,18.0,291,433,581,330,1577,96,5228,1086,1.66,16.3,11.5,1.2,114.9,2645,3466,81.9,34.6
1.71,14.8,1.31,166,125,407,197,3.81,2 -5,2013-2014,Non-Hispanic White,70.6,5.8,5.5,0.7,49.2,913,1035,194,1420,50.7,195,97,11.4,50.9,18.7,16.6,10.9,150,441,583,373,1498,52,2647,574,1.20,10.8,7.7,0.7,67.1,1876,2119,5.0,41.4
2.09,20.9,1.68,216,152,519,247,4.56,6 - 11,2013-2014,Non-Hispanic White,69.3,5.7,7.4,0.8,77.1,1162,1322,234,1951,67.4,258,120,14.1,74.8,28.3,24.5,15.3,215,566,698,287,1413,69,3918,1006,1.61,14.1,9.8,0.9,95.9,2147,2995,16.5,59.4
2.32,27.7,2.26,211,167,526,286,5.76,12 - 19,2013-2014,Non-Hispanic White,63.2,5.0,8.0,1.0,83.3,1051,1378,256,2034,81.0,259,126,13.8,76.5,26.1,25.6,17.1,249,481,620,337,1484,64,4324,997,1.70,14.8,11.7,1.0,109.6,2311,3408,65.4,39.3
2.28,26.4,2.20,185,219,533,334,5.04,20 and over,2013-2014,Non-Hispanic White,76.1,5.0,9.7,1.1,123.7,997,1410,307,2129,82.7,248,110,16.6,83.4,27.2,28.9,19.4,282,459,666,409,2256,74,5149,1670,1.64,14.5,11.3,1.2,115.3,2697,3505,195.1,43.6
2.25,25.7,2.14,189,206,526,318,5.03,2 and over,2013-2014,Non-Hispanic White,74.2,5.1,9.2,1.0,113.7,1010,1386,293,2080,80.3,248,112,16.0,80.9,26.9,27.8,18.6,269,468,661,392,2095,72,4888,1517,1.63,14.4,11.1,1.2,111.5,2590,3407,163.0,44.1
1.59,16.6,1.40,184,114,427,205,3.47,2 -5,2013-2014,Non-Hispanic Black,83.3,4.8,6.3,0.6,56.0,788,984,187,1559,53.3,207,99,10.9,59.5,19.6,20.1,14.1,182,390,460,159,720,75,2783,692,1.26,11.6,8.0,0.7,75.6,1842,2401,5.4,34.8
1.77,21.2,1.68,205,149,498,227,4.51,6 - 11,2013-2014,Non-Hispanic Black,77.8,4.5,6.7,0.3,70.8,886,1161,210,1837,63.6,249,113,13.5,67.6,22.6,22.9,15.8,208,441,549,202,1166,70,3685,856,1.53,14.6,9.2,0.8,94.1,1933,3020,12.5,47.9
1.74,23.1,1.70,248,160,581,257,4.07,12 - 19,2013-2014,Non-Hispanic Black,77.4,3.7,8.2,0.3,79.6,902,1246,237,2056,72.0,264,117,13.5,80.8,26.0,27.3,19.7,251,382,474,148,1002,60,4879,1012,1.58,14.1,10.2,0.9,104.8,2069,3332,24.0,27.6
1.79,26.0,2.03,163,201,478,343,4.73,20 and over,2013-2014,Non-Hispanic Black,82.2,4.0,9.1,0.7,124.8,821,1306,278,2230,82.5,266,124,15.4,86.5,26.9,30.6,20.8,320,357,564,285,2307,75,4214,1630,1.52,14.1,10.5,1.1,119.1,2449,3513,79.3,34.1
1.77,24.6,1.92,179,186,490,313,4.55,2 and over,2013-2014,Non-Hispanic Black,81.2,4.1,8.6,0.6,109.9,836,1267,261,2133,77.7,261,120,14.7,82.5,26.0,28.9,19.8,293,370,545,252,1939,72,4173,1424,1.51,14.0,10.2,1.1,112.5,2317,3381,61.6,34.6
1.76,16.4,1.58,197,126,460,238,5.11,2 -5,2013-2014,Non-Hispanic Asian,52.3,8.4,6.0,0.5,52.5,934,1122,199,1528,59.8,203,93,10.4,54.7,20.9,17.5,11.0,206,463,563,255,1059,36,2447,664,1.28,11.6,9.3,0.8,88.9,1965,2286,4.2,64.0
1.93,20.1,1.67,201,174,516,291,5.03,6 - 11,2013-2014,Non-Hispanic Asian,73.0,6.7,6.7,0.7,74.5,1015,1268,247,1874,72.0,258,105,15.3,63.6,21.8,21.3,14.0,227,476,664,560,1912,130,4145,1031,1.57,13.6,11.5,1.2,106.0,2325,3075,6.1,59.9
2.06,26.3,2.15,226,200,585,310,4.52,12 - 19,2013-2014,Non-Hispanic Asian,92.7,5.4,8.9,0.8,116.0,972,1332,294,2040,85.5,263,99,16.6,72.7,22.6,24.8,18.5,261,415,662,662,2603,84,5631,1474,1.77,14.4,10.6,1.2,131.1,2543,3617,30.4,38.9
1.77,24.5,2.05,160,251,523,329,4.02,20 and over,2013-2014,Non-Hispanic Asian,88.1,4.5,8.3,0.6,163.8,729,1228,308,1844,80.9,227,81,18.7,65.7,19.1,23.8,16.7,268,265,609,654,3735,148,3742,2544,1.56,13.4,10.2,1.4,117.7,2574,3645,107.7,25.6
1.81,24.0,2.01,172,234,526,320,4.20,2 and over,2013-2014,Non-Hispanic Asian,85.9,5.0,8.1,0.6,146.9,786,1237,297,1853,79.8,233,85,17.8,65.8,19.8,23.5,16.4,261,306,617,630,3356,135,3917,2230,1.57,13.5,10.3,1.3,117.0,2525,3538,87.1,31.4
1.82,16.4,1.49,179,144,449,231,4.25,2 -5,2013-2014,All Hispanic,88.1,6.4,5.3,0.3,51.3,1074,1158,205,1554,57.3,207,99,12.5,57.4,21.3,18.2,12.4,207,487,568,180,865,86,4339,589,1.33,12.1,8.5,0.8,79.5,2084,2400,6.5,39.2
1.94,21.5,1.85,211,162,520,252,5.05,6 - 11,2013-2014,All Hispanic,80.9,5.3,7.1,0.5,63.4,1016,1302,239,1896,69.0,252,114,15.7,70.4,24.7,23.3,15.4,216,514,611,211,1037,73,4988,736,1.61,14.5,10.0,1.0,94.9,2267,2964,12.3,42.6
1.93,24.9,1.94,215,194,559,295,4.89,12 - 19,2013-2014,All Hispanic,77.6,5.1,7.9,0.6,74.4,1031,1396,257,2092,80.3,265,115,16.6,80.8,26.9,27.5,18.8,271,427,537,249,1172,75,5169,748,1.68,15.2,11.0,1.0,113.2,2357,3494,30.3,56.7
2.14,27.5,2.36,172,249,541,360,4.87,20 and over,2013-2014,All Hispanic,88.6,4.5,8.6,0.5,109.9,1020,1482,318,2204,89.2,267,114,19.7,83.2,26.8,28.6,19.5,327,406,587,374,1942,109,5492,1478,1.64,15.1,11.6,1.2,121.3,2695,3603,121.0,28.2
2.06,25.6,2.17,183,223,534,328,4.85,2 and over,2013-2014,All Hispanic,86.0,4.8,8.1,0.5,95.0,1025,1425,291,2104,83.2,261,113,18.2,79.4,26.1,27.0,18.4,297,428,581,323,1644,98,5301,1219,1.62,14.8,11.1,1.1,114.0,2551,3424,86.6,34.9
1.67,15.6,1.31,167,117,401,199,3.81,2 -5,2015-2016,Non-Hispanic White,61.6,5.8,5.6,0.6,47.8,932,1037,186,1410,51.1,184,88,10.9,54.7,20.0,18.5,11.3,170,448,563,316,1207,49,3577,595,1.17,10.1,7.7,0.7,73.3,1767,2163,5.9,32.0
2.02,20.4,1.59,204,147,495,239,4.41,6 - 11,2015-2016,Non-Hispanic White,56.3,5.5,7.4,0.7,60.5,1063,1290,235,1938,65.8,255,118,14.2,75.6,27.7,25.1,15.9,214,528,662,366,1407,53,4116,802,1.56,14.2,10.0,0.9,96.2,2069,3015,17.6,66.3
2.09,25.1,1.96,225,168,551,270,5.29,12 - 19,2015-2016,Non-Hispanic White,58.3,5.1,8.1,0.8,75.7,1059,1362,263,2069,76.0,260,120,15.0,82.8,29.5,28.0,17.6,240,504,617,223,1229,53,4624,867,1.70,15.5,11.6,1.0,109.6,2243,3389,58.1,68.2
2.27,26.1,2.15,174,221,515,338,5.11,20 and over,2015-2016,Non-Hispanic White,76.3,4.8,9.6,1.2,118.5,985,1404,310,2109,82.0,241,107,17.2,85.8,28.4,30.0,19.7,291,452,657,444,2209,81,5449,1517,1.59,14.1,11.4,1.3,113.6,2686,3514,206.6,35.6
2.21,25.1,2.06,180,206,512,320,5.02,2 and over,2015-2016,Non-Hispanic White,72.7,4.9,9.1,1.1,107.8,995,1377,296,2063,79.1,241,108,16.5,83.5,28.1,29.0,18.9,276,462,650,414,2025,75,5205,1371,1.58,14.0,11.2,1.2,110.3,2566,3410,172.0,40.4
1.68,18.5,1.51,169,131,418,214,3.69,2 -5,2015-2016,Non-Hispanic Black,93.4,5.1,6.6,0.6,71.1,835,1060,208,1651,56.5,225,106,12.4,61.2,20.0,21.1,14.7,183,394,522,237,1381,73,3942,1177,1.30,11.5,8.1,0.8,80.0,2045,2471,6.5,34.8
1.82,22.0,1.67,203,158,504,249,4.07,6 - 11,2015-2016,Non-Hispanic Black,84.7,4.8,7.4,0.4,79.4,890,1199,223,1912,67.9,248,108,14.1,74.0,24.5,25.1,17.7,238,423,546,252,1316,76,3897,952,1.56,14.0,9.7,0.9,99.3,2124,3217,8.5,31.2
1.73,23.2,1.66,228,148,536,238,4.25,12 - 19,2015-2016,Non-Hispanic Black,75.5,3.9,7.5,0.5,85.8,823,1156,219,1981,67.5,256,113,13.0,78.2,26.1,26.9,18.2,234,400,494,123,1057,48,5109,1207,1.57,14.1,10.0,0.9,99.0,1925,3281,17.5,31.3
1.72,24.8,1.98,160,181,453,316,4.32,20 and over,2015-2016,Non-Hispanic Black,81.6,3.9,8.4,0.7,126.6,772,1218,262,2051,77.2,241,107,14.0,81.6,25.5,28.8,19.9,303,339,543,303,2268,74,3884,1750,1.42,12.8,10.0,1.1,111.6,2267,3354,72.5,25.4
1.73,23.9,1.87,174,171,467,293,4.24,2 and over,2015-2016,Non-Hispanic Black,81.9,4.1,8.1,0.7,112.9,794,1197,249,2002,73.6,242,108,13.7,79.0,25.1,27.7,19.1,280,359,535,270,1954,71,4055,1563,1.45,13.0,9.8,1.0,106.6,2193,3272,54.6,27.4
1.85,13.3,1.41,144,139,383,262,4.30,2 -5,2015-2016,Non-Hispanic Asian,63.7,7.8,5.9,0.9,64.9,1002,1085,205,1422,53.9,181,87,10.8,55.3,20.8,19.0,10.5,246,452,570,329,1210,114,1221,981,1.15,10.3,7.6,0.8,79.7,1958,1877,3.1,24.9
1.84,21.4,1.70,229,188,579,296,4.44,6 - 11,2015-2016,Non-Hispanic Asian,66.1,7.0,7.5,0.1,91.8,883,1268,245,1984,74.2,259,92,15.2,73.8,25.6,24.3,17.4,264,429,661,707,2399,71,3128,931,1.65,14.8,10.0,1.1,110.0,2264,3384,7.1,81.3
2.03,25.0,2.00,208,189,542,322,4.92,12 - 19,2015-2016,Non-Hispanic Asian,79.9,5.3,8.1,0.8,94.8,974,1342,270,1991,82.4,255,96,16.2,72.9,24.0,25.4,17.0,282,430,573,331,1517,86,4093,1124,1.68,14.5,11.7,1.1,120.0,2484,3499,24.3,37.0
1.82,24.2,1.99,178,261,564,329,4.11,20 and over,2015-2016,Non-Hispanic Asian,101.0,4.9,8.7,0.6,195.4,809,1282,326,1911,81.8,239,80,19.5,69.1,20.9,25.1,16.8,269,285,670,687,4193,180,4321,3087,1.66,14.3,10.5,1.4,121.3,2663,3850,86.5,25.1
1.84,23.8,1.96,183,246,557,324,4.21,2 and over,2015-2016,Non-Hispanic Asian,95.7,5.2,8.5,0.6,175.2,836,1281,312,1909,80.5,240,83,18.6,69.3,21.4,24.9,16.6,269,313,657,641,3726,162,4134,2699,1.64,14.2,10.5,1.3,119.2,2600,3727,73.0,29.5
1.68,16.0,1.44,159,147,418,234,3.98,2 -5,2015-2016,All Hispanic,84.3,6.1,5.7,0.5,45.1,924,1082,199,1500,54.9,199,94,12.6,56.1,19.8,19.0,12.3,199,418,492,161,766,95,2579,610,1.25,11.7,8.1,0.8,73.6,1993,2220,7.1,25.2
1.85,20.6,1.63,196,155,487,255,4.61,6 - 11,2015-2016,All Hispanic,74.4,5.6,6.5,0.3,53.0,954,1219,224,1795,67.0,229,99,14.4,70.0,24.4,23.8,15.4,237,457,561,265,1073,97,4903,605,1.50,14.0,9.8,0.9,97.6,2048,2920,12.3,40.7
1.86,23.2,1.79,210,179,536,267,4.50,12 - 19,2015-2016,All Hispanic,69.9,4.8,7.5,0.5,67.1,933,1252,238,1969,70.6,252,106,15.6,77.4,26.2,26.0,18.0,253,443,540,227,1032,68,4723,764,1.58,14.6,9.6,0.9,103.0,2135,3306,40.0,37.9
2.10,27.1,2.18,170,237,525,358,4.87,20 and over,2015-2016,All Hispanic,82.5,4.7,8.3,0.6,95.7,991,1452,312,2179,87.1,262,107,19.1,83.7,27.5,29.3,18.8,349,400,556,331,1659,103,5133,1267,1.61,14.5,11.4,1.2,122.6,2624,3593,121.3,27.5
2.01,25.0,2.00,178,212,515,323,4.72,2 and over,2015-2016,All Hispanic,79.7,4.9,7.8,0.6,82.7,973,1367,282,2053,79.9,252,105,17.5,79.2,26.4,27.4,17.8,310,415,549,295,1429,96,4859,1065,1.57,14.3,10.7,1.1,113.2,2436,3372,87.9,30.5
1.60,15.6,1.38,144,126,370,209,3.55,2 -5,2017-2018,Non-Hispanic White,80.0,5.5,5.8,0.5,50.1,1009,1140,212,1565,53.7,208,103,12.2,60.6,21.4,19.8,13.2,172,457,578,280,1271,81,3245,614,1.22,10.0,7.5,0.8,69.0,2012,2187,9.9,40.0
1.81,21.3,1.75,216,140,506,230,4.38,6 - 11,2017-2018,Non-Hispanic White,78.3,4.8,8.6,1.7,66.2,993,1228,228,1906,63.0,250,116,14.3,75.7,26.3,25.1,17.1,207,551,666,228,1202,117,3527,831,1.55,13.7,9.5,0.9,84.7,1993,2831,14.9,63.9
1.93,25.6,1.98,204,156,500,267,4.66,12 - 19,2017-2018,Non-Hispanic White,54.1,4.2,8.4,0.7,81.1,968,1353,252,2064,77.0,256,117,14.2,83.3,28.3,27.2,19.4,244,453,564,184,1201,60,5244,827,1.63,13.7,10.4,1.0,108.1,2184,3368,52.8,51.3
2.23,26.5,2.22,172,209,500,331,5.03,20 and over,2017-2018,Non-Hispanic White,70.7,4.2,9.7,1.2,126.8,993,1409,306,2162,81.7,244,107,16.2,90.6,30.0,30.9,21.0,303,442,670,404,2486,75,4806,1704,1.60,14.2,11.3,1.2,113.4,2639,3526,205.1,46.1
2.15,25.6,2.13,177,195,495,313,4.89,2 and over,2017-2018,Non-Hispanic White,70.1,4.3,9.3,1.1,115.1,991,1380,292,2110,78.8,244,108,15.7,87.6,29.2,29.7,20.2,285,452,656,366,2228,77,4691,1516,1.59,14.0,10.9,1.1,109.0,2525,3406,169.6,47.6
1.26,15.6,1.29,144,105,349,170,3.02,2 -5,2017-2018,Non-Hispanic Black,90.7,3.7,5.7,0.4,57.9,687,885,178,1461,45.1,203,98,10.7,54.5,17.5,18.8,12.8,138,332,448,132,1299,64,3178,763,1.14,9.9,6.3,0.6,61.7,1810,2108,5.5,23.5
1.66,21.6,1.63,212,140,499,225,3.98,6 - 11,2017-2018,Non-Hispanic Black,69.4,4.1,7.4,0.6,89.0,842,1161,211,1917,61.2,253,115,13.2,76.2,25.9,25.4,17.7,221,450,534,87,943,49,3955,970,1.50,13.8,8.6,0.8,95.1,1958,2985,14.8,49.8
1.75,24.0,1.77,201,149,490,249,4.30,12 - 19,2017-2018,Non-Hispanic Black,77.2,3.9,8.0,0.4,85.9,906,1230,225,2060,70.3,257,116,13.0,85.6,28.4,28.4,20.7,258,414,518,157,1139,55,4381,965,1.53,13.6,9.8,0.9,104.5,2080,3344,19.6,32.4
1.73,24.7,1.92,162,185,460,302,4.23,20 and over,2017-2018,Non-Hispanic Black,76.5,3.7,8.7,0.5,128.8,852,1252,262,2113,76.2,245,111,14.1,86.6,27.0,29.8,21.6,305,352,548,244,2193,75,4381,1726,1.47,13.0,9.8,1.1,110.1,2278,3396,74.7,29.4
1.71,23.9,1.85,170,174,462,284,4.16,2 and over,2017-2018,Non-Hispanic Black,76.6,3.8,8.3,0.5,117.3,850,1225,250,2061,72.9,245,111,13.8,84.2,26.7,28.8,20.8,285,367,539,216,1926,70,4293,1531,1.47,13.0,9.6,1.0,106.1,2207,3299,60.2,31.1
1.45,14.9,1.43,188,117,436,202,3.72,2 -5,2017-2018,Non-Hispanic Asian,64.9,5.6,5.3,0.2,48.2,875,1055,205,1455,50.7,198,82,12.4,53.2,18.9,17.3,11.4,157,371,474,144,1127,70,4531,490,1.31,10.2,7.4,0.8,68.5,2004,2044,3.0,29.4
1.74,19.2,1.49,198,171,508,263,4.10,6 - 11,2017-2018,Non-Hispanic Asian,63.8,4.7,6.7,0.2,64.2,901,1293,226,1863,64.3,245,96,16.5,71.7,26.9,22.7,14.8,244,382,487,241,1100,69,5154,753,1.60,13.1,9.0,1.0,93.8,2119,2940,8.9,48.6
1.63,22.6,1.78,194,188,517,289,4.20,12 - 19,2017-2018,Non-Hispanic Asian,78.1,4.6,8.0,0.4,108.8,819,1229,262,1984,74.1,255,96,16.5,75.8,25.7,24.9,17.5,269,389,595,475,2205,71,5050,1707,1.57,13.7,9.7,1.1,115.4,2232,3380,29.7,52.4
1.80,23.9,2.01,161,251,524,323,3.97,20 and over,2017-2018,Non-Hispanic Asian,96.9,4.9,8.3,0.4,152.9,829,1299,320,1943,81.6,242,86,20.4,72.0,22.0,25.5,17.4,277,309,611,552,3270,152,4514,2281,1.62,13.7,10.1,1.4,115.9,2695,3571,94.3,26.5
1.76,23.1,1.93,167,235,519,311,3.99,2 and over,2017-2018,Non-Hispanic Asian,91.8,4.9,8.1,0.4,139.1,835,1282,304,1922,78.5,241,87,19.5,71.6,22.5,24.9,17.0,269,323,596,509,2951,136,4603,2061,1.60,13.5,9.9,1.3,112.6,2588,3451,79.4,30.4
1.64,16.5,1.57,173,132,427,240,4.24,2 -5,2017-2018,All Hispanic,93.3,5.7,5.6,0.5,46.1,964,1104,205,1511,53.9,206,102,12.3,54.7,19.1,17.9,11.9,214,442,528,179,880,129,3858,654,1.34,11.0,8.1,0.7,69.3,2072,2067,8.0,34.9
2.02,21.8,1.80,240,166,573,264,5.15,6 - 11,2017-2018,All Hispanic,83.3,5.6,8.3,1.1,69.2,1109,1336,252,2002,67.7,264,116,16.3,78.0,27.7,25.1,17.2,244,550,652,198,1073,101,5455,864,1.70,15.3,10.2,0.9,97.5,2267,2908,17.0,61.0
1.81,23.4,1.85,208,173,526,262,4.62,12 - 19,2017-2018,All Hispanic,70.1,4.5,7.6,0.8,71.4,970,1266,249,1922,72.5,240,98,15.8,75.6,25.2,24.9,17.8,246,461,559,203,1031,73,3939,786,1.58,14.3,9.8,1.0,101.3,2146,3150,35.9,32.2
2.03,26.4,2.26,171,234,524,357,4.80,20 and over,2017-2018,All Hispanic,91.8,4.3,9.1,1.0,119.0,989,1437,322,2176,85.7,261,107,19.9,84.1,26.8,28.7,20.2,333,388,618,389,2485,152,5776,1648,1.64,14.8,11.5,1.3,120.5,2706,3603,115.8,26.3
1.96,24.8,2.10,184,211,522,325,4.77,2 and over,2017-2018,All Hispanic,87.8,4.6,8.6,0.9,101.4,997,1377,295,2071,79.5,254,106,18.4,80.0,26.1,26.9,18.9,302,420,606,326,2004,133,5328,1365,1.62,14.5,10.8,1.1,111.4,2531,3350,85.7,31.4
