oil,solid fats,added sugars,alcoholic drinks,age,year,race,total fruit,"citrus, melons, berries",other fruit,total vegetables,total starchy,potatoes,other starchy,total red and orange,tomatoes,other red and orange,dark green,other,total grains,whole grains,refined grains,total dairy,fluid milk,cheese,yoghurt,total protein foods,"total meat, poultry, and seafood",meat,poultry,cured meat,seafood low n-3,seafood high n-3,organ meat,eggs,nuts and seeds,soybean products
14.48,29.14,14.30,0.00,2 -5,2005-2006,Non-Hispanic White,1.36,0.14,0.43,0.74,0.31,0.24,0.07,0.21,0.18,0.03,0.05,0.17,4.90,0.56,4.34,2.24,1.59,0.55,0.08,2.64,2.06,0.57,0.72,0.65,0.08,0.03,#2,0.21,0.34,0.03
19.94,42.48,21.52,0.00,6 - 11,2005-2006,Non-Hispanic White,1.00,0.20,0.46,0.85,0.27,0.20,0.06,0.27,0.22,0.06,0.06,0.25,6.87,0.53,6.33,2.41,1.58,0.76,0.06,3.77,2.74,0.75,0.93,0.88,0.14,0.04,0.00,0.46,0.55,0.01
21.81,49.25,27.67,0.17,12 - 19,2005-2006,Non-Hispanic White,0.87,0.14,0.32,1.21,0.43,0.39,0.05,0.38,0.32,0.06,0.06,0.33,8.06,0.51,7.55,2.35,1.33,0.96,0.04,5.34,4.46,1.59,1.49,1.16,0.17,0.05,#12,0.36,0.49,0.03
23.40,42.77,18.49,0.90,20 and over,2005-2006,Non-Hispanic White,0.92,0.18,0.42,1.66,0.46,0.37,0.09,0.44,0.36,0.08,0.13,0.63,6.62,0.80,5.81,1.82,1.00,0.75,0.05,6.24,4.95,1.81,1.42,1.08,0.47,0.16,0.01,0.49,0.74,0.07
22.58,42.84,19.52,0.72,2 and over,2005-2006,Non-Hispanic White,0.94,0.18,0.41,1.51,0.44,0.35,0.08,0.41,0.33,0.08,0.11,0.55,6.72,0.74,5.97,1.94,1.10,0.77,0.05,5.81,4.61,1.66,1.36,1.06,0.39,0.13,0.01,0.46,0.68,0.06
15.05,30.16,13.55,0.00,2 -5,2005-2006,Non-Hispanic Black,1.33,0.08,0.38,0.81,0.39,0.30,0.10,0.21,0.19,0.02,0.04,0.17,4.69,0.43,4.26,1.77,1.34,0.40,0.03,3.47,2.97,0.83,1.07,0.85,0.12,0.09,#2,0.32,0.17,0.02
17.96,39.10,17.82,0.00,6 - 11,2005-2006,Non-Hispanic Black,0.96,0.08,0.31,0.88,0.38,0.33,0.06,0.26,0.22,0.04,0.05,0.19,5.95,0.37,5.58,1.77,1.20,0.56,#6,4.57,3.97,1.16,1.21,1.15,0.42,0.03,#6,0.38,0.19,0.02
25.08,44.71,26.19,0.08,12 - 19,2005-2006,Non-Hispanic Black,0.96,0.07,0.29,1.02,0.44,0.40,0.05,0.28,0.25,0.03,0.07,0.23,6.92,0.39,6.53,1.62,0.78,0.83,0.01,5.43,4.79,1.51,2.10,0.88,0.27,0.02,0.01,0.35,0.28,0.02
22.08,40.83,21.72,0.65,20 and over,2005-2006,Non-Hispanic Black,1.01,0.14,0.34,1.36,0.51,0.41,0.09,0.29,0.24,0.05,0.11,0.45,6.00,0.59,5.40,1.17,0.61,0.53,0.02,6.53,5.50,1.66,2.00,1.08,0.53,0.18,0.06,0.52,0.48,0.03
21.64,40.51,21.44,0.46,2 and over,2005-2006,Non-Hispanic Black,1.02,0.12,0.33,1.23,0.48,0.39,0.08,0.28,0.24,0.04,0.10,0.37,6.04,0.53,5.51,1.33,0.74,0.57,0.02,5.98,5.08,1.53,1.88,1.04,0.46,0.13,0.04,0.47,0.40,0.03
13.06,28.71,13.50,0.00,2 -5,2005-2006,Mexican American,1.51,0.15,0.67,0.70,0.24,0.19,0.05,0.23,0.20,0.04,0.02,0.21,4.60,0.47,4.13,2.26,1.86,0.32,0.07,2.85,2.13,0.61,0.84,0.49,0.16,0.02,#2,0.53,0.18,0.01
19.55,36.70,17.69,0.00,6 - 11,2005-2006,Mexican American,1.24,0.17,0.46,0.94,0.29,0.26,0.03,0.37,0.29,0.08,0.01,0.27,7.40,0.49,6.91,2.33,1.67,0.61,0.04,3.70,3.02,1.19,1.02,0.63,0.14,0.05,0.01,0.41,0.24,0.03
20.54,40.48,21.42,0.19,12 - 19,2005-2006,Mexican American,1.14,0.11,0.43,1.12,0.35,0.30,0.05,0.40,0.35,0.05,0.02,0.35,8.39,0.48,7.90,1.90,1.15,0.72,0.02,4.98,4.23,1.93,1.29,0.82,0.16,0.02,0.01,0.39,0.33,0.03
19.10,38.78,19.52,0.54,20 and over,2005-2006,Mexican American,1.04,0.20,0.46,1.49,0.37,0.30,0.06,0.43,0.36,0.07,0.08,0.60,8.10,0.51,7.60,1.50,0.92,0.53,0.03,6.30,5.17,2.16,1.58,0.66,0.64,0.09,0.04,0.64,0.48,0.02
18.79,37.81,19.00,0.37,2 and over,2005-2006,Mexican American,1.13,0.18,0.47,1.29,0.34,0.29,0.05,0.40,0.33,0.07,0.06,0.49,7.72,0.50,7.22,1.73,1.14,0.55,0.03,5.46,4.47,1.86,1.40,0.66,0.46,0.07,0.03,0.56,0.40,0.02
12.52,28.85,13.52,0.00,2 -5,2005-2006,All Hispanic,1.49,0.14,0.61,0.74,0.25,0.21,0.04,0.25,0.20,0.05,0.02,0.22,4.40,0.42,3.98,2.32,1.89,0.35,0.07,2.90,2.26,0.65,0.77,0.56,0.26,0.02,#2,0.44,0.19,0.01
19.77,38.19,17.59,0.00,6 - 11,2005-2006,All Hispanic,1.22,0.16,0.48,0.97,0.28,0.26,0.03,0.40,0.31,0.09,0.01,0.28,7.47,0.49,6.98,2.39,1.70,0.62,0.04,3.68,2.99,1.20,0.93,0.67,0.14,0.05,#6,0.44,0.23,0.03
20.59,39.91,21.29,0.16,12 - 19,2005-2006,All Hispanic,1.11,0.13,0.43,1.17,0.38,0.34,0.04,0.43,0.38,0.05,0.02,0.33,8.14,0.47,7.67,1.88,1.09,0.76,0.03,5.01,4.30,1.91,1.37,0.83,0.15,0.02,0.01,0.40,0.29,0.03
18.99,38.25,19.02,0.52,20 and over,2005-2006,All Hispanic,0.99,0.16,0.42,1.50,0.38,0.31,0.07,0.45,0.37,0.08,0.08,0.59,7.69,0.45,7.24,1.43,0.87,0.52,0.03,6.49,5.36,2.13,1.73,0.76,0.63,0.08,0.05,0.64,0.47,0.02
18.65,37.52,18.61,0.36,2 and over,2005-2006,All Hispanic,1.09,0.16,0.45,1.32,0.36,0.30,0.06,0.42,0.35,0.07,0.06,0.48,7.39,0.46,6.94,1.69,1.10,0.55,0.03,5.60,4.63,1.84,1.49,0.74,0.47,0.06,0.03,0.56,0.39,0.02
13.08,28.49,13.35,0.00,2 -5,2007-2008,Non-Hispanic White,1.44,0.24,0.67,0.62,0.29,0.24,0.05,0.19,0.13,0.06,0.04,0.10,4.37,0.45,3.92,2.27,1.68,0.51,0.06,2.57,2.00,0.53,0.77,0.65,0.04,0.01,0.00,0.24,0.31,0.02
18.41,40.30,22.53,0.00,6 - 11,2007-2008,Non-Hispanic White,1.06,0.19,0.54,0.85,0.40,0.34,0.06,0.24,0.19,0.06,0.03,0.17,6.35,0.59,5.76,2.09,1.32,0.73,0.03,4.22,3.45,1.24,1.12,0.92,0.16,0.02,#6,0.32,0.43,0.02
20.51,44.03,23.57,0.13,12 - 19,2007-2008,Non-Hispanic White,0.84,0.14,0.44,1.25,0.47,0.42,0.05,0.37,0.31,0.06,0.07,0.34,7.65,0.59,7.07,2.32,1.33,0.95,0.02,5.15,4.21,1.51,1.46,1.05,0.13,0.05,#12,0.44,0.45,0.06
22.47,41.16,19.01,0.75,20 and over,2007-2008,Non-Hispanic White,0.94,0.19,0.49,1.59,0.48,0.40,0.09,0.40,0.33,0.07,0.13,0.57,6.25,0.74,5.51,1.70,0.89,0.73,0.06,6.01,4.71,1.70,1.42,1.08,0.35,0.16,#20,0.51,0.69,0.09
21.53,40.81,19.48,0.59,2 and over,2007-2008,Non-Hispanic White,0.96,0.18,0.50,1.46,0.47,0.39,0.08,0.38,0.30,0.07,0.12,0.50,6.32,0.70,5.62,1.82,1.01,0.75,0.05,5.63,4.44,1.59,1.37,1.05,0.30,0.13,#2,0.48,0.63,0.08
14.67,31.62,12.61,0.00,2 -5,2007-2008,Non-Hispanic Black,1.32,0.10,0.47,0.75,0.35,0.28,0.08,0.20,0.17,0.04,0.06,0.13,4.55,0.46,4.09,1.68,1.20,0.44,0.02,3.47,2.86,0.70,0.99,0.99,0.15,0.02,0.00,0.40,0.19,0.02
20.29,37.39,20.83,0.00,6 - 11,2007-2008,Non-Hispanic Black,1.18,0.14,0.49,0.94,0.45,0.37,0.08,0.28,0.24,0.03,0.07,0.14,6.27,0.47,5.80,1.67,1.01,0.63,0.02,4.33,3.69,0.97,1.40,1.06,0.22,0.03,0.00,0.31,0.30,0.03
21.57,38.86,23.11,0.04,12 - 19,2007-2008,Non-Hispanic Black,0.84,0.08,0.30,0.92,0.39,0.32,0.06,0.21,0.19,0.03,0.07,0.25,6.45,0.48,5.97,1.36,0.70,0.63,0.01,4.78,4.18,1.06,1.72,1.12,0.26,0.01,0.01,0.32,0.25,0.03
22.36,40.45,20.70,0.71,20 and over,2007-2008,Non-Hispanic Black,0.97,0.16,0.39,1.30,0.44,0.37,0.08,0.30,0.24,0.06,0.13,0.42,5.74,0.48,5.25,1.09,0.51,0.54,0.02,6.36,5.34,1.53,1.93,1.25,0.51,0.09,0.04,0.58,0.40,0.04
21.53,39.33,20.52,0.50,2 and over,2007-2008,Non-Hispanic Black,0.99,0.14,0.39,1.18,0.43,0.35,0.08,0.28,0.23,0.05,0.11,0.35,5.81,0.48,5.33,1.22,0.64,0.55,0.02,5.74,4.84,1.35,1.78,1.20,0.42,0.06,0.03,0.50,0.36,0.04
12.22,30.99,12.07,0.00,2 -5,2007-2008,Mexican American,1.51,0.19,0.70,0.73,0.24,0.20,0.05,0.25,0.21,0.04,0.02,0.21,4.79,0.50,4.29,2.27,1.72,0.48,0.06,3.35,2.60,0.95,0.96,0.53,0.12,0.02,#2,0.56,0.18,0.01
15.45,34.28,17.37,0.00,6 - 11,2007-2008,Mexican American,1.23,0.22,0.44,0.76,0.28,0.24,0.04,0.28,0.24,0.04,0.03,0.18,6.34,0.37,5.97,1.88,1.28,0.55,0.03,3.74,3.11,1.31,0.98,0.62,0.13,0.03,0.03,0.36,0.26,0.01
18.74,39.64,20.01,0.12,12 - 19,2007-2008,Mexican American,1.02,0.18,0.46,0.97,0.32,0.26,0.07,0.26,0.23,0.03,0.05,0.34,7.98,0.48,7.50,1.79,1.08,0.69,0.01,5.13,4.29,1.41,1.77,0.76,0.26,0.03,0.08,0.46,0.35,0.03
20.00,38.15,18.33,0.79,20 and over,2007-2008,Mexican American,0.97,0.15,0.48,1.42,0.33,0.28,0.06,0.42,0.35,0.07,0.08,0.58,7.68,0.46,7.22,1.44,0.83,0.57,0.03,6.24,5.14,1.95,1.65,0.78,0.55,0.16,0.04,0.67,0.39,0.04
18.56,37.22,17.86,0.53,2 and over,2007-2008,Mexican American,1.06,0.17,0.49,1.21,0.32,0.26,0.06,0.36,0.31,0.06,0.06,0.47,7.29,0.45,6.84,1.62,1.00,0.58,0.03,5.52,4.54,1.71,1.52,0.74,0.42,0.12,0.04,0.59,0.35,0.03
13.15,31.28,12.89,0.00,2 -5,2007-2008,All Hispanic,1.64,0.18,0.74,0.73,0.29,0.23,0.06,0.23,0.19,0.04,0.02,0.19,4.74,0.45,4.30,2.40,1.84,0.50,0.05,3.19,2.55,0.85,1.01,0.57,0.10,0.02,#2,0.48,0.16,0.01
15.60,34.91,17.36,0.00,6 - 11,2007-2008,All Hispanic,1.23,0.19,0.47,0.79,0.31,0.24,0.07,0.28,0.24,0.03,0.03,0.17,6.32,0.42,5.90,2.05,1.40,0.61,0.03,3.66,3.02,1.23,0.96,0.65,0.14,0.02,0.02,0.38,0.23,0.02
19.63,39.80,20.50,0.16,12 - 19,2007-2008,All Hispanic,1.06,0.15,0.43,0.91,0.30,0.23,0.07,0.25,0.22,0.03,0.04,0.31,7.54,0.53,7.01,1.77,1.02,0.73,0.02,5.17,4.47,1.50,1.80,0.80,0.25,0.06,0.05,0.42,0.26,0.03
19.61,36.21,17.67,0.69,20 and over,2007-2008,All Hispanic,1.01,0.16,0.48,1.44,0.37,0.28,0.08,0.43,0.35,0.08,0.09,0.56,7.35,0.46,6.89,1.45,0.83,0.58,0.03,5.98,4.96,1.86,1.61,0.82,0.48,0.15,0.03,0.63,0.34,0.04
18.60,36.15,17.62,0.48,2 and over,2007-2008,All Hispanic,1.10,0.16,0.50,1.23,0.35,0.27,0.08,0.37,0.31,0.07,0.07,0.45,7.03,0.47,6.57,1.65,1.01,0.60,0.03,5.36,4.46,1.65,1.51,0.78,0.38,0.11,0.03,0.56,0.30,0.04
12.98,30.21,12.67,0.00,2 -5,2009-2010,Non-Hispanic White,1.47,0.23,0.66,0.65,0.25,0.19,0.06,0.19,0.15,0.04,0.03,0.18,4.74,0.83,3.90,2.55,1.79,0.66,0.09,2.82,2.10,0.55,0.66,0.74,0.12,0.02,#2,0.26,0.43,0.04
17.13,35.07,18.92,#6,6 - 11,2009-2010,Non-Hispanic White,1.02,0.24,0.48,0.77,0.30,0.23,0.07,0.25,0.19,0.06,0.03,0.19,6.61,0.65,5.95,2.40,1.63,0.67,0.08,3.58,2.86,0.89,0.94,0.85,0.17,0.02,#6,0.29,0.41,0.02
21.62,40.84,24.08,0.11,12 - 19,2009-2010,Non-Hispanic White,0.87,0.20,0.43,1.16,0.38,0.34,0.05,0.34,0.27,0.06,0.04,0.39,7.65,0.57,7.09,2.37,1.33,0.99,0.04,5.11,4.19,1.37,1.49,1.08,0.18,0.07,#12,0.35,0.55,0.03
23.66,39.15,17.77,0.88,20 and over,2009-2010,Non-Hispanic White,1.04,0.23,0.54,1.66,0.48,0.39,0.08,0.40,0.31,0.10,0.15,0.63,6.38,0.91,5.47,1.89,0.95,0.86,0.07,6.19,4.85,1.66,1.31,1.18,0.52,0.18,#20,0.48,0.78,0.09
22.49,38.62,18.26,0.70,2 and over,2009-2010,Non-Hispanic White,1.04,0.23,0.53,1.50,0.44,0.37,0.08,0.38,0.29,0.09,0.13,0.55,6.45,0.85,5.60,2.01,1.07,0.85,0.07,5.74,4.51,1.52,1.28,1.12,0.44,0.15,#2,0.44,0.72,0.07
15.78,29.37,14.42,0.00,2 -5,2009-2010,Non-Hispanic Black,1.17,0.09,0.44,0.69,0.35,0.27,0.08,0.18,0.15,0.03,0.04,0.11,5.08,0.60,4.48,1.86,1.31,0.51,0.03,3.70,3.11,0.62,1.52,0.82,0.12,0.03,0.00,0.32,0.22,0.05
18.51,36.30,19.26,0.00,6 - 11,2009-2010,Non-Hispanic Black,1.27,0.16,0.58,0.86,0.36,0.31,0.05,0.24,0.20,0.04,0.08,0.18,6.36,0.71,5.65,1.95,1.20,0.71,0.02,4.34,3.80,1.17,1.58,0.85,0.19,0.01,#6,0.26,0.24,0.03
23.00,42.17,23.81,0.05,12 - 19,2009-2010,Non-Hispanic Black,1.04,0.08,0.36,1.01,0.49,0.44,0.05,0.22,0.19,0.02,0.07,0.23,6.80,0.59,6.21,1.75,0.79,0.94,0.01,5.34,4.36,1.29,1.97,0.88,0.21,0.02,#12,0.47,0.47,0.04
21.08,38.64,20.00,0.82,20 and over,2009-2010,Non-Hispanic Black,1.04,0.10,0.38,1.22,0.46,0.36,0.10,0.30,0.23,0.07,0.11,0.35,5.93,0.66,5.27,1.19,0.54,0.62,0.03,6.72,5.67,1.64,2.14,1.11,0.59,0.13,0.05,0.59,0.41,0.05
20.78,38.33,20.11,0.59,2 and over,2009-2010,Non-Hispanic Black,1.07,0.10,0.40,1.13,0.45,0.36,0.09,0.27,0.22,0.06,0.10,0.31,6.04,0.65,5.39,1.38,0.68,0.66,0.02,6.13,5.17,1.49,2.03,1.04,0.47,0.10,0.04,0.53,0.39,0.04
11.93,27.77,11.34,0.00,2 -5,2009-2010,Mexican American,1.50,0.18,0.72,0.69,0.28,0.23,0.04,0.24,0.15,0.08,0.02,0.15,4.69,0.44,4.26,2.41,1.75,0.55,0.09,2.92,2.33,0.71,0.91,0.54,0.16,0.02,#2,0.44,0.14,0.01
15.63,34.85,15.98,0.00,6 - 11,2009-2010,Mexican American,1.22,0.16,0.67,0.79,0.25,0.19,0.06,0.25,0.19,0.05,0.02,0.27,7.10,0.45,6.66,2.07,1.36,0.65,0.04,3.90,3.28,1.09,1.32,0.60,0.21,0.04,0.02,0.47,0.13,0.01
20.81,38.32,21.50,0.16,12 - 19,2009-2010,Mexican American,1.21,0.14,0.43,1.11,0.38,0.32,0.05,0.30,0.24,0.05,0.06,0.37,7.90,0.59,7.31,1.81,0.91,0.88,0.01,5.32,4.56,1.60,2.10,0.68,0.13,0.03,0.02,0.53,0.20,0.02
18.53,35.19,17.80,0.57,20 and over,2009-2010,Mexican American,1.27,0.22,0.62,1.46,0.35,0.29,0.06,0.41,0.32,0.09,0.10,0.60,8.17,0.51,7.66,1.47,0.83,0.60,0.03,6.05,4.91,1.78,1.75,0.69,0.50,0.14,0.05,0.65,0.44,0.05
17.93,34.95,17.56,0.39,2 and over,2009-2010,Mexican American,1.27,0.20,0.61,1.26,0.34,0.28,0.06,0.36,0.28,0.08,0.08,0.48,7.68,0.51,7.17,1.68,0.99,0.64,0.04,5.40,4.43,1.57,1.68,0.66,0.38,0.10,0.04,0.59,0.34,0.04
11.76,26.59,11.32,0.00,2 -5,2009-2010,All Hispanic,1.57,0.18,0.71,0.70,0.26,0.22,0.04,0.24,0.18,0.07,0.03,0.16,4.57,0.50,4.07,2.35,1.72,0.51,0.10,3.04,2.44,0.74,1.01,0.54,0.12,0.04,#2,0.43,0.17,0.01
16.41,35.39,16.50,0.00,6 - 11,2009-2010,All Hispanic,1.16,0.15,0.62,0.81,0.28,0.22,0.05,0.25,0.20,0.05,0.03,0.25,7.00,0.53,6.46,2.07,1.34,0.67,0.04,3.85,3.28,1.09,1.31,0.66,0.17,0.04,0.01,0.42,0.14,0.01
20.93,37.53,21.03,0.13,12 - 19,2009-2010,All Hispanic,1.11,0.12,0.42,1.06,0.35,0.31,0.05,0.31,0.26,0.05,0.05,0.35,7.80,0.65,7.15,1.92,1.01,0.88,0.01,5.23,4.50,1.48,2.06,0.76,0.13,0.05,0.02,0.47,0.23,0.03
19.35,34.41,17.79,0.64,20 and over,2009-2010,All Hispanic,1.26,0.20,0.57,1.42,0.36,0.28,0.08,0.39,0.31,0.08,0.08,0.58,7.65,0.56,7.09,1.49,0.79,0.64,0.04,6.09,5.07,1.76,1.79,0.85,0.45,0.16,0.05,0.60,0.36,0.06
18.56,34.28,17.52,0.44,2 and over,2009-2010,All Hispanic,1.25,0.18,0.57,1.23,0.34,0.27,0.07,0.35,0.28,0.07,0.07,0.47,7.33,0.56,6.76,1.69,0.97,0.67,0.04,5.44,4.55,1.55,1.71,0.79,0.34,0.12,0.04,0.55,0.30,0.05
14.61,30.67,13.62,0.00,2 -5,2011-2012,Non-Hispanic White,1.45,0.24,0.55,0.64,0.21,0.16,0.05,0.23,0.15,0.08,0.06,0.15,5.02,0.71,4.31,2.44,1.67,0.62,0.14,2.70,2.00,0.40,0.78,0.68,0.11,0.03,0.00,0.26,0.40,0.04
18.97,40.72,20.96,0.00,6 - 11,2011-2012,Non-Hispanic White,1.26,0.24,0.65,0.84,0.29,0.25,0.05,0.26,0.20,0.06,0.08,0.21,7.03,0.75,6.28,2.32,1.38,0.87,0.06,3.84,2.97,0.74,1.02,0.98,0.16,0.07,0.00,0.30,0.49,0.08
25.65,38.30,23.70,0.09,12 - 19,2011-2012,Non-Hispanic White,0.86,0.16,0.39,1.11,0.43,0.37,0.06,0.35,0.31,0.04,0.05,0.28,7.42,0.87,6.55,2.48,1.37,1.05,0.05,5.33,4.20,1.58,1.14,1.22,0.22,0.03,0.01,0.44,0.64,0.05
27.22,37.89,18.30,1.00,20 and over,2011-2012,Non-Hispanic White,0.96,0.19,0.50,1.72,0.45,0.38,0.08,0.44,0.33,0.11,0.17,0.65,6.67,1.05,5.62,1.78,0.85,0.84,0.07,5.93,4.47,1.67,1.24,1.06,0.35,0.13,0.02,0.51,0.89,0.07
25.93,37.80,18.80,0.79,2 and over,2011-2012,Non-Hispanic White,0.99,0.19,0.50,1.55,0.43,0.36,0.07,0.41,0.31,0.10,0.15,0.56,6.69,0.99,5.70,1.92,0.97,0.85,0.07,5.58,4.23,1.54,1.19,1.06,0.31,0.11,0.02,0.48,0.81,0.07
17.45,29.98,12.90,0.00,2 -5,2011-2012,Non-Hispanic Black,1.50,0.09,0.57,0.74,0.36,0.28,0.08,0.18,0.14,0.04,0.05,0.15,5.21,0.65,4.56,1.75,1.30,0.40,0.04,3.75,3.15,0.63,1.38,0.93,0.19,0.01,0.01,0.35,0.22,0.03
21.91,39.88,19.13,0.00,6 - 11,2011-2012,Non-Hispanic Black,0.99,0.12,0.43,0.81,0.35,0.29,0.06,0.24,0.20,0.03,0.04,0.18,7.22,0.81,6.41,1.85,1.09,0.72,0.03,4.75,4.21,1.21,1.40,1.24,0.34,0.01,0.00,0.30,0.16,0.08
25.86,34.78,22.61,0.11,12 - 19,2011-2012,Non-Hispanic Black,0.84,0.07,0.34,1.02,0.43,0.37,0.05,0.31,0.26,0.04,0.05,0.23,6.62,0.47,6.16,1.48,0.68,0.78,0.01,4.97,4.44,1.38,1.86,0.89,0.27,0.04,#12,0.30,0.16,0.06
27.21,36.24,20.77,0.77,20 and over,2011-2012,Non-Hispanic Black,1.01,0.20,0.35,1.37,0.48,0.37,0.10,0.32,0.25,0.07,0.15,0.42,6.28,0.83,5.45,1.17,0.45,0.67,0.03,6.86,5.57,1.52,2.14,1.12,0.63,0.14,0.03,0.54,0.70,0.05
25.82,35.96,20.31,0.55,2 and over,2011-2012,Non-Hispanic Black,1.02,0.17,0.37,1.22,0.45,0.36,0.09,0.30,0.24,0.06,0.12,0.35,6.34,0.77,5.58,1.32,0.60,0.67,0.03,6.17,5.11,1.41,1.97,1.08,0.52,0.10,0.02,0.47,0.54,0.05
14.87,26.83,8.93,0.00,2 -5,2011-2012,Non-Hispanic Asian,1.18,0.25,0.50,0.67,0.20,0.14,0.06,0.20,0.16,0.04,0.09,0.19,5.04,0.86,4.18,2.21,1.53,0.48,0.16,2.75,2.17,0.60,0.55,0.40,0.60,0.02,0.00,0.34,0.18,0.06
16.87,27.99,14.59,0.00,6 - 11,2011-2012,Non-Hispanic Asian,1.22,0.36,0.45,0.84,0.19,0.14,0.05,0.28,0.22,0.06,0.13,0.23,6.87,1.18,5.69,2.14,1.57,0.47,0.08,3.29,2.54,0.70,0.96,0.52,0.29,0.07,0.00,0.37,0.27,0.11
21.47,32.79,14.40,0.03,12 - 19,2011-2012,Non-Hispanic Asian,1.02,0.18,0.51,1.23,0.27,0.20,0.07,0.30,0.22,0.08,0.23,0.43,7.16,0.68,6.48,2.06,1.35,0.66,0.04,5.17,4.35,1.25,1.77,0.72,0.52,0.11,0.00,0.33,0.29,0.20
24.55,23.44,10.85,0.49,20 and over,2011-2012,Non-Hispanic Asian,1.31,0.29,0.70,1.65,0.31,0.21,0.09,0.35,0.21,0.14,0.28,0.72,6.89,1.34,5.55,1.00,0.55,0.33,0.09,6.68,5.14,1.57,1.55,0.46,1.14,0.41,0.01,0.44,0.94,0.15
23.15,24.92,11.39,0.38,2 and over,2011-2012,Non-Hispanic Asian,1.27,0.28,0.65,1.50,0.29,0.20,0.09,0.33,0.21,0.12,0.25,0.63,6.82,1.24,5.58,1.26,0.76,0.38,0.09,6.06,4.71,1.42,1.48,0.49,0.99,0.33,0.01,0.42,0.78,0.15
13.87,28.73,12.37,0.00,2 -5,2011-2012,All Hispanic,1.32,0.23,0.59,0.64,0.21,0.15,0.06,0.25,0.17,0.07,0.02,0.17,5.05,0.52,4.54,2.41,1.77,0.54,0.09,2.86,2.31,0.73,0.88,0.62,0.06,0.01,0.01,0.41,0.12,0.02
20.29,36.14,17.40,0.00,6 - 11,2011-2012,All Hispanic,1.36,0.25,0.62,0.88,0.28,0.23,0.06,0.31,0.25,0.05,0.03,0.26,7.65,0.77,6.88,2.33,1.37,0.88,0.07,3.92,3.20,1.04,1.13,0.83,0.18,0.01,0.01,0.41,0.25,0.05
24.91,40.17,19.07,0.10,12 - 19,2011-2012,All Hispanic,1.24,0.17,0.52,1.12,0.38,0.32,0.06,0.33,0.27,0.07,0.03,0.37,8.31,0.62,7.69,2.28,1.14,1.11,0.02,5.12,4.08,1.42,1.45,0.77,0.25,0.16,0.03,0.59,0.40,0.05
24.61,35.73,18.04,0.54,20 and over,2011-2012,All Hispanic,1.02,0.18,0.51,1.53,0.43,0.30,0.13,0.41,0.33,0.08,0.09,0.61,7.72,0.68,7.04,1.57,0.71,0.77,0.06,6.63,5.45,2.15,1.77,0.83,0.56,0.12,0.02,0.60,0.52,0.06
23.27,35.87,17.65,0.36,2 and over,2011-2012,All Hispanic,1.12,0.19,0.53,1.32,0.39,0.28,0.10,0.37,0.30,0.07,0.07,0.50,7.58,0.67,6.91,1.84,0.94,0.81,0.06,5.78,4.72,1.80,1.57,0.80,0.43,0.10,0.02,0.56,0.44,0.05
13.94,25.04,11.55,0.00,2 -5,2013-2014,Non-Hispanic White,1.27,0.24,0.59,0.63,0.19,0.15,0.05,0.21,0.12,0.09,0.06,0.17,4.90,0.95,3.95,2.04,1.41,0.51,0.11,2.69,2.03,0.37,0.52,0.81,0.28,0.05,#2,0.23,0.41,0.02
18.84,40.07,17.62,0.00,6 - 11,2013-2014,Non-Hispanic White,1.02,0.26,0.41,0.84,0.34,0.29,0.05,0.26,0.19,0.07,0.05,0.19,7.15,0.87,6.28,2.45,1.40,0.96,0.08,3.60,2.82,0.94,1.01,0.77,0.08,0.02,0.01,0.33,0.42,0.03
22.57,34.98,20.78,0.08,12 - 19,2013-2014,Non-Hispanic White,0.80,0.20,0.37,1.07,0.36,0.32,0.04,0.29,0.22,0.07,0.11,0.31,6.72,0.87,5.85,2.17,1.22,0.88,0.04,5.50,4.59,1.61,1.87,0.99,0.09,0.02,0.01,0.33,0.52,0.06
27.01,36.56,17.20,0.87,20 and over,2013-2014,Non-Hispanic White,0.85,0.21,0.43,1.53,0.42,0.36,0.06,0.40,0.29,0.11,0.17,0.54,6.39,0.93,5.46,1.76,0.79,0.85,0.08,6.18,4.68,1.47,1.46,1.10,0.43,0.20,0.02,0.52,0.91,0.07
25.51,36.20,17.35,0.70,2 and over,2013-2014,Non-Hispanic White,0.87,0.22,0.43,1.41,0.40,0.34,0.06,0.37,0.27,0.10,0.15,0.48,6.41,0.92,5.49,1.86,0.89,0.84,0.08,5.80,4.45,1.40,1.43,1.06,0.37,0.17,0.02,0.48,0.82,0.06
18.94,26.36,12.88,0.00,2 -5,2013-2014,Non-Hispanic Black,1.14,0.07,0.51,0.67,0.33,0.27,0.05,0.17,0.14,0.03,0.04,0.14,5.11,0.74,4.37,1.64,1.04,0.53,0.06,3.24,2.69,0.61,1.10,0.89,0.09,0.00,0.00,0.32,0.21,0.02
19.51,32.74,17.68,0.00,6 - 11,2013-2014,Non-Hispanic Black,0.89,0.12,0.38,0.74,0.23,0.19,0.04,0.26,0.20,0.06,0.08,0.17,6.97,0.70,6.26,1.76,0.95,0.77,0.03,4.03,3.42,0.82,1.34,0.99,0.25,0.02,#6,0.35,0.22,0.04
26.60,35.69,20.42,0.03,12 - 19,2013-2014,Non-Hispanic Black,0.69,0.13,0.16,0.99,0.46,0.37,0.09,0.26,0.23,0.03,0.06,0.20,7.30,0.72,6.58,1.66,0.68,0.93,0.02,4.97,4.19,1.23,1.72,0.79,0.39,0.03,0.03,0.39,0.33,0.06
28.89,36.62,21.29,0.83,20 and over,2013-2014,Non-Hispanic Black,0.92,0.15,0.39,1.32,0.49,0.40,0.09,0.33,0.24,0.09,0.15,0.35,6.25,0.79,5.46,1.17,0.46,0.67,0.03,7.01,5.75,1.60,1.95,1.02,0.95,0.17,0.05,0.58,0.63,0.05
27.16,35.56,20.37,0.60,2 and over,2013-2014,Non-Hispanic Black,0.90,0.14,0.37,1.18,0.45,0.37,0.08,0.30,0.23,0.08,0.12,0.30,6.39,0.77,5.62,1.32,0.57,0.70,0.03,6.25,5.16,1.43,1.82,0.98,0.76,0.13,0.04,0.52,0.53,0.05
15.52,26.77,10.03,0.00,2 -5,2013-2014,Non-Hispanic Asian,1.17,0.11,0.62,0.60,0.25,0.21,0.04,0.16,0.11,0.06,0.06,0.13,5.08,0.56,4.52,2.34,1.79,0.47,0.08,3.24,2.73,0.45,0.89,0.41,0.53,0.44,0.00,0.41,0.07,0.04
18.76,29.27,12.35,0.00,6 - 11,2013-2014,Non-Hispanic Asian,1.44,0.31,0.75,0.87,0.27,0.23,0.04,0.24,0.16,0.09,0.08,0.28,7.07,0.62,6.45,2.14,1.53,0.44,0.16,4.09,3.31,1.07,1.06,0.57,0.50,0.11,#6,0.45,0.22,0.10
28.17,26.91,12.87,0.07,12 - 19,2013-2014,Non-Hispanic Asian,1.09,0.19,0.52,1.53,0.42,0.40,0.02,0.42,0.28,0.14,0.16,0.53,7.50,0.93,6.58,1.81,1.17,0.53,0.09,5.79,4.82,1.46,2.01,0.65,0.39,0.16,0.15,0.43,0.38,0.15
24.97,21.97,10.05,0.43,20 and over,2013-2014,Non-Hispanic Asian,1.18,0.28,0.70,1.75,0.32,0.24,0.08,0.36,0.20,0.16,0.27,0.80,6.35,1.21,5.14,1.00,0.55,0.36,0.07,6.55,5.01,1.55,1.79,0.55,0.73,0.36,0.03,0.53,0.81,0.21
24.41,23.27,10.53,0.34,2 and over,2013-2014,Non-Hispanic Asian,1.19,0.27,0.69,1.60,0.32,0.25,0.07,0.35,0.20,0.14,0.23,0.70,6.48,1.11,5.37,1.23,0.75,0.39,0.08,6.13,4.75,1.46,1.72,0.55,0.67,0.32,0.04,0.50,0.69,0.19
14.52,29.15,10.76,0.00,2 -5,2013-2014,All Hispanic,1.43,0.22,0.59,0.72,0.25,0.18,0.06,0.26,0.23,0.03,0.04,0.18,5.43,0.65,4.78,2.34,1.47,0.78,0.10,2.66,2.02,0.48,0.94,0.54,0.04,0.02,0.01,0.45,0.15,0.04
20.13,34.02,15.98,0.00,6 - 11,2013-2014,All Hispanic,1.13,0.22,0.52,0.92,0.31,0.26,0.05,0.30,0.25,0.05,0.04,0.28,7.06,0.81,6.26,2.08,1.20,0.79,0.08,3.87,3.27,1.15,1.22,0.67,0.18,0.04,0.01,0.33,0.18,0.09
23.97,37.93,18.04,0.06,12 - 19,2013-2014,All Hispanic,1.03,0.22,0.48,1.09,0.35,0.30,0.05,0.33,0.26,0.06,0.04,0.38,7.72,0.65,7.07,1.93,0.96,0.92,0.02,5.18,4.30,1.67,1.50,0.71,0.33,0.08,0.01,0.49,0.33,0.05
26.08,35.86,17.88,0.57,20 and over,2013-2014,All Hispanic,1.05,0.21,0.52,1.50,0.37,0.28,0.09,0.41,0.33,0.08,0.13,0.59,7.68,0.68,7.00,1.62,0.62,0.89,0.05,6.31,5.00,1.75,1.89,0.77,0.44,0.13,0.03,0.70,0.52,0.08
24.22,35.45,17.16,0.39,2 and over,2013-2014,All Hispanic,1.09,0.21,0.52,1.32,0.35,0.28,0.08,0.37,0.31,0.07,0.10,0.49,7.45,0.69,6.76,1.77,0.80,0.87,0.05,5.59,4.48,1.58,1.69,0.73,0.36,0.10,0.02,0.61,0.43,0.07
16.11,26.33,10.15,0.00,2 -5,2015-2016,Non-Hispanic White,1.16,0.19,0.58,0.61,0.23,0.19,0.04,0.21,0.14,0.07,0.05,0.12,4.73,0.75,3.98,2.03,1.30,0.65,0.07,2.82,2.06,0.43,0.73,0.80,0.07,0.03,0.00,0.32,0.39,0.05
22.09,37.39,18.41,0.00,6 - 11,2015-2016,Non-Hispanic White,0.85,0.17,0.46,0.84,0.35,0.28,0.07,0.28,0.19,0.09,0.04,0.16,7.21,1.01,6.20,2.17,1.29,0.80,0.07,3.78,2.76,0.84,0.74,1.09,0.05,0.03,0.00,0.40,0.58,0.04
25.49,38.55,19.28,0.06,12 - 19,2015-2016,Non-Hispanic White,0.91,0.20,0.44,0.97,0.39,0.35,0.04,0.26,0.21,0.05,0.07,0.25,7.19,0.92,6.27,2.06,1.02,0.96,0.03,4.96,3.98,1.60,1.19,0.98,0.13,0.08,0.00,0.32,0.55,0.11
28.85,36.80,16.54,0.77,20 and over,2015-2016,Non-Hispanic White,0.90,0.25,0.45,1.59,0.46,0.38,0.07,0.40,0.29,0.11,0.17,0.57,6.06,0.99,5.06,1.63,0.67,0.81,0.10,6.19,4.60,1.56,1.39,1.12,0.34,0.18,#20,0.56,0.91,0.12
27.54,36.54,16.63,0.62,2 and over,2015-2016,Non-Hispanic White,0.91,0.24,0.45,1.44,0.43,0.37,0.07,0.37,0.27,0.10,0.15,0.49,6.18,0.98,5.20,1.72,0.77,0.81,0.09,5.77,4.31,1.47,1.30,1.10,0.29,0.16,#2,0.52,0.83,0.11
20.38,26.57,13.37,0.00,2 -5,2015-2016,Non-Hispanic Black,1.31,0.20,0.52,0.83,0.42,0.34,0.08,0.20,0.14,0.06,0.08,0.12,5.30,0.74,4.57,1.70,1.17,0.44,0.08,3.69,2.93,0.59,1.70,0.55,0.08,0.01,#2,0.26,0.47,0.03
24.96,32.35,16.24,0.00,6 - 11,2015-2016,Non-Hispanic Black,0.95,0.13,0.39,0.97,0.44,0.37,0.07,0.25,0.19,0.06,0.09,0.19,7.06,0.99,6.07,1.64,0.91,0.68,0.04,4.41,3.82,1.01,1.59,0.88,0.31,0.02,0.01,0.36,0.19,0.04
26.15,35.20,19.84,0.06,12 - 19,2015-2016,Non-Hispanic Black,0.72,0.16,0.24,0.94,0.37,0.33,0.04,0.25,0.22,0.03,0.05,0.28,7.14,0.77,6.37,1.41,0.63,0.75,0.02,4.57,3.95,1.10,1.62,0.85,0.31,0.06,0.01,0.32,0.27,0.03
28.96,32.85,17.86,0.70,20 and over,2015-2016,Non-Hispanic Black,0.87,0.17,0.35,1.34,0.52,0.40,0.12,0.29,0.20,0.09,0.14,0.39,5.78,0.72,5.06,0.99,0.42,0.51,0.03,6.51,5.41,1.50,2.19,0.89,0.64,0.17,0.02,0.54,0.50,0.07
27.63,32.70,17.68,0.50,2 and over,2015-2016,Non-Hispanic Black,0.88,0.16,0.35,1.22,0.48,0.39,0.10,0.28,0.20,0.08,0.12,0.33,6.05,0.75,5.30,1.16,0.55,0.55,0.03,5.86,4.89,1.34,2.02,0.86,0.53,0.13,0.02,0.47,0.44,0.06
14.05,26.85,7.51,0.00,2 -5,2015-2016,Non-Hispanic Asian,1.15,0.18,0.60,0.58,0.17,0.15,0.02,0.14,0.07,0.07,0.10,0.17,4.29,0.76,3.53,2.29,1.74,0.31,0.22,3.05,1.87,0.26,1.11,0.25,0.21,0.04,0.00,0.62,0.55,0.01
24.62,31.75,11.54,0.00,6 - 11,2015-2016,Non-Hispanic Asian,0.89,0.24,0.44,1.06,0.34,0.30,0.03,0.29,0.13,0.16,0.10,0.34,7.97,0.89,7.08,1.79,1.23,0.44,0.11,4.50,3.65,1.22,1.34,0.35,0.36,0.39,0.00,0.56,0.21,0.07
26.08,27.81,12.39,0.06,12 - 19,2015-2016,Non-Hispanic Asian,1.09,0.27,0.59,1.32,0.46,0.42,0.04,0.27,0.20,0.07,0.12,0.46,7.38,1.06,6.32,1.78,1.13,0.54,0.09,5.54,4.51,1.77,1.76,0.56,0.32,0.10,0.00,0.56,0.37,0.11
26.70,22.60,9.17,0.31,20 and over,2015-2016,Non-Hispanic Asian,1.26,0.36,0.65,1.87,0.30,0.21,0.09,0.37,0.20,0.17,0.37,0.82,7.01,1.27,5.75,1.06,0.59,0.35,0.10,6.46,4.75,1.65,1.58,0.39,0.75,0.37,0.02,0.54,1.02,0.15
26.13,23.78,9.58,0.25,2 and over,2015-2016,Non-Hispanic Asian,1.22,0.34,0.63,1.72,0.32,0.24,0.08,0.35,0.19,0.16,0.32,0.74,7.02,1.21,5.81,1.21,0.72,0.37,0.10,6.15,4.58,1.60,1.57,0.40,0.66,0.33,0.01,0.55,0.89,0.14
16.13,26.11,10.36,0.00,2 -5,2015-2016,All Hispanic,1.32,0.19,0.58,0.69,0.27,0.22,0.04,0.18,0.15,0.04,0.04,0.21,5.18,0.70,4.48,1.92,1.34,0.50,0.07,3.08,2.36,0.64,0.96,0.60,0.13,0.02,0.00,0.42,0.27,0.02
22.13,31.38,13.67,0.00,6 - 11,2015-2016,All Hispanic,1.02,0.22,0.42,0.82,0.26,0.22,0.04,0.27,0.21,0.06,0.04,0.26,7.01,0.83,6.18,1.84,1.11,0.67,0.03,4.10,3.40,1.13,1.15,0.77,0.26,0.07,0.03,0.42,0.25,0.03
26.63,33.59,16.57,0.04,12 - 19,2015-2016,All Hispanic,0.89,0.11,0.45,1.07,0.40,0.35,0.05,0.31,0.26,0.05,0.05,0.30,7.50,0.72,6.78,1.74,0.90,0.81,0.02,4.42,3.59,1.01,1.44,0.71,0.34,0.07,0.01,0.49,0.31,0.03
26.84,35.23,16.29,0.57,20 and over,2015-2016,All Hispanic,1.03,0.19,0.53,1.43,0.37,0.29,0.08,0.37,0.30,0.07,0.10,0.58,7.73,0.64,7.09,1.48,0.64,0.76,0.05,6.43,5.16,1.87,1.86,0.70,0.56,0.14,0.03,0.78,0.43,0.06
25.50,33.88,15.61,0.38,2 and over,2015-2016,All Hispanic,1.03,0.18,0.51,1.25,0.36,0.29,0.07,0.34,0.27,0.06,0.08,0.47,7.43,0.68,6.75,1.60,0.79,0.74,0.04,5.61,4.51,1.56,1.65,0.71,0.46,0.11,0.03,0.67,0.38,0.05
